Scientific_tree_name;Common_name;Scientific_name;Version_date;Genome_name;Fasta_name;Subset;Major.clade;Data_source;Domain_architecture;Orthologous_PRDM9;More_than_one_PRDM9;Zing_finger_evolution;Status;Sequence;Origin;results;zinc_figers;Selected_PAML;Vector;Check
Amazona_vittata;Parrot;Amazona vittata;Jan/13;AV1;amaVit1;Aves;;;NO;0;NA;0;OK;NA;NA;NA;0;no;1;
Anas_platyrhynchos;Mallard duck;Anas platyrhynchos;Apr/13;BGI_duck_1.0;anaPla1;Aves;;;NO;0;NA;0;OK;NA;NA;NA;0;no;1;
Ara_macao;Scarlet macaw;Ara macao;Jun/13;SMACv1.1;araMac1;Aves;;;NO;0;NA;0;OK;NA;NA;NA;0;no;1;
Columba_livia;Rock pigeon;Columba livia;Feb/13;Cliv_1.0;colLiv1;Aves;;;NO;0;NA;0;OK;NA;NA;NA;0;no;1;
Falco_cherrug;Saker falcon;Falco cherrug;Feb/13;F_cherrug_v1.0;falChe1;Aves;;;NO;0;NA;0;OK;NA;NA;NA;0;no;1;
Falco_peregrinus;Peregrine falcon;Falco peregrinus;Feb/13;F_peregrinus_v1.0;falPer1;Aves;;;NO;0;NA;0;OK;NA;NA;NA;0;no;1;
Ficedula_albicollis;Collared flycatcher;Ficedula albicollis;Jun/13;FicAlb1.5;ficAlb2;Aves;;;NO;0;NA;0;OK;NA;NA;NA;0;no;1;
Gallus_gallus;Chicken;Gallus gallus;Nov/11;ICGSC Gallus_gallus-4.0;galGal4;Aves;;;NO;0;NA;0;OK;NA;NA;NA;0;yes;1;
Geospiza_fortis;Medium ground finch;Geospiza fortis;Apr/12;GeoFor_1.0;geoFor1;Aves;;;NO;0;NA;0;OK;NA;NA;NA;0;no;1;
Meleagris_gallopavo;Turkey;Meleagris gallopavo;Dec/09;TGC Turkey_2.01;melGal1;Aves;;;NO;0;NA;0;OK;NA;NA;NA;0;no;1;
Melopsittacus_undulatus;Budgerigar;Melopsittacus undulatus;Sep/11;WUSTL v6.3;melUnd1;Aves;;;NO;0;NA;0;OK;NA;NA;NA;0;no;1;
Pseudopodoces_humilis;Tibetan ground jay;Pseudopodoces humilis;Jan/13;PseHum1.0;pseHum1;Aves;;;NO;0;NA;0;OK;NA;NA;NA;0;no;1;
Taeniopygia_guttata;Zebra finch;Taeniopygia guttata;Feb/13;WashU taeGut324;taeGut2;Aves;;;NO;0;NA;0;OK;NA;NA;NA;0;no;1;
Zonotrichia_albicollis;White throated sparrow;Zonotrichia albicollis;Apr/13;ASM38545v1;zonAlb1;Aves;;;NO;0;NA;0;OK;NA;NA;NA;0;no;5;
Macropus_eugenii;Wallaby;Macropus eugenii;Sep/09;TWGS Meug_1.1;macEug2;Mammal;Marsupial;WGS;KRAB-SSXRD-SET;1;0;NA;FIX;" \-----------------------------------------------------------------FSAPRPTFMCHGKQNKEAKVEESGDFDEEWIRKQP----------------------------------------------------------------------CRRKEAEVHIYNLRERKYQVYQEIWDPQDDDYLFCEECQTFFLETCAVHGPPKFVQDSVMVKGHPYCSAITLPPGLRIGLSGIPGAGLGIWNEASNLPLGLHFGPYEGQMTEDDEAANSGYSWM-----------------------YVNCARDEEEQNLVAFQYHRKIFYRTCQIIRPGCELLVWYGDEYGQELGIKWGSKWKRPPITLT---------------------------LKHP---------------------------------------------------------------------------------------------------------------------------------------------------------------------------------------------------------------------------------------------------------------------------------------------------------------------------------------------------------------------------------------------------------------------------------------D-------------YKHTLSVNTA------------------------------------\\"" 100way""";NA;0;;yes;5;complete
Monodelphis_domestica;Opossum;Monodelphis domestica;Oct/06;Broad;monDom5;Mammal;Marsupial;WGS;KRAB-SSXRD-SET;1;0;NA;OK;" \-----------------------GEDAFKDISTYFSKKQWVKLKEWEKVRLKNVKRNYEAMIKIGLSVPRPAFMCRGRQNKKVKVEESGDSDEEWIPKQLVKTLRFPSRAKQRTHPK-----------------------------------------------------CRRKDVEVHIYSLRERKYQVYQEMWDPQDDDYLYCEECQIFFLDSCPLHGPPTFVQDSAMVKGHPYCSAITLPPGLRIGLSGIPGAGLGVWNEASTLPLGLHFGPYKGKMTEDDEAANSGYSWMITKGRNCYEYVDGKEESCSNWMRYVNCARDEEEQNLVAFQYHRQIFYRTCRVIRPGCELLVWYGDEYGQELGIKWGSKWKRPLPELTGGKPGISLCP-HPLGFST-TFLNQHT-LKQPPZVFLDSGTGNY-ELGDLQPD------L-SNL-NCSDKPEI--TKEHPSSLWGKTKQV--RREKFSLPQSQQVSSGEDLSNPGEEHZT--------TMAF---GEEZK-------ECEZGFT-QTNLVTHRWTHSGERPYVC----Z-F-QKLGFSPYTW-PLKQILHL-KDCRQ-FTNLSNLFKYQZTZ-RGKPY--NDCGKTFNQNFNLSVHQRIHTSERPFQCNDCGKAFNQSSHLLQHQRIHTGEKPFKCDDCGKAFNQSSHLLQHQRIHTGEKPFKCHDCGKAFIRSSTLLQHQRIHTDEKPFKCDDCGKAFYQNSHLLKHHRIHTGEKPFKCNDCGKTFNQSSHLLQHQRIHTGEKPFKCNDC-ZGL-VKSKLIIHQRIHTGEKP--ZMDCGKAFNQSSHLLQHQRT--GEKPFKC-DCGKAFSQRSKLIIHQRIHTGEKPFKCNDCGKAFNQSSYLL-HQRIHTGEKP-V--WD--\\\""""";100way;0.41875;8;no;3;
Ornithorhynchus_anatinus;Platypus;Ornithorhynchus anatinus;Mar/07;WUGSC 5.0.1;ornAna1;Mammal;Monotremata;WGS;SSXRD-SET;2;1;NA;FIX;" \----------------------S---------------------------------------------------------------------------------------------------------------------------------------------------RIGKKPQVRDFNLRKQKRKIYNENYRPEDDDYLFCEICQTFFLEKCT-HGPPVFVQDLPVEKWRPNRSTITLPPGMQIKVSGIPNAGLGVWNQATSLPRGLHFGPYMGIRTKNEKESHSGYSWMIVRGKN-YEYLDGKDKAFSNWMRYVNCARSEREQNLVAIQYQGEIYYRTCRVIPPGQELLVWYGLEYGRHLG------------------PKPHSSRGSSKPLSR-GVFKRRLRLKRHSLTSGVP--KRYF--YNLRP-------------------------------------------------------------------------------------------------------------------------------------------------------------------------------------------------------------------------------------------------------------------------------------------------------------------------------------------------------------------------------------------------------------------------------------------------------------------------------\\\""""";100way;NA;0;yes;5;
Dasypus_novemcinctus;Armadillo;Dasypus novemcinctus;Dec/11;Baylor;dasNov3;Mammal;Placental;RefSeq;KRAB-SSXRD-SET;2;1;0.614;OK;" \MSPAGAQEGSPEEDAGRAGRKA-AQDAFRDISTYFSREEWAEMGRWEKLRYRNVKRNYEALLAIGLRAPRPAFMCHRKQSIKPQVDDAEDSDEEWTPRQQVKPLWVTFRVEQMKHQKQVPRVPZSNESILKELSGTANLPNTTGLQQVQKLVSPTGEASTFGQHLRQK--PRRKGIDVKMYSLRERKGLAYEEVSEPQDDDYLYCEKCQNFFIDSCTVHGPPIFVKDSAVDKGHPNRSALTLPSGLRIGPSGIPEAGLGIWNEASDLPLGLHFGPYEGQVTEDEEAANSGYSWLITKGRNCYEYVDGKDKSWANWMRYVNCARDDEEQNLVAFQYHRQIFYRTCRTIRPGCELLVWYGDEYGQELGIKWGSKWKKELTAGTELKPETHPCPSCPLAFSSEKFLSQHVRHHHPSQIFPAACAREHLQPQNPRPGGEEQ--KHSDQCSWKDKVEGQETEKRPEPLFERIKPMGSLRAFYSPPRGQMRSSREGKRMMEIEPSQDQKMNSEERGQFFLGEGIFKTEGIKCGESRQDFSDKS-------------------------------------------------------------------------------------HTSHRRTHTGEKPYVCRECGRGFSNNSHLTRHQRTHTGEKPYVCRECGRGFSEKSNLTVHQRTHTGEKPYVCRECGRGFSVKSALITHQRTHTGEKPYVCRECGRGFSNNSHLTVHQRTHTGEKPYVCRECGRGFS-NSHLTRHQRTHTGEKPYVCRECGRGFSEKSNLTVHQRTHTGEKPYVCRECGRGFSEKSNLTVHQRTHTGEKPYVCRECGRSFSVKSTLITHQRTHTVEKPYVCMKSEVVVSNKS----------------------\\\""""";100way;0.34439834;9;no;5;
Sarcophilus_harrisii;Tasmanian devil;Sarcophilus harrisii;Feb/11;WTSI Devil_ref v7.0;sarHar1;Mammal;Marsupial;RefSeq;KRAB-SSXRD-SET;1;0;0.224;OK;" \TNSEEVKKQECRKKDAAVHIYNLRERKYPIYQEIWDPQDDDYLFCEECQTFFLETCAVHGPPKFVQDGAMIKGYPYCSAITLPPGLRIGLSGIPNAGLGVWNEGSNLPMGLHFGPYEGKSTEDDEAANSGYSWMITKGRNSYEYVDGKEESCSNWMRYVNCAREEEEQNLVAFQYQRQIFYRTCRVIRPGCELLVWYGDEYGQELGIKWGRKWKRPLTGITDFSTHAFLSQQVPKQPSQGFLDSTTGSHGLGNLHPDQLLPPGYSCVSDKAETSRKEHPSTLWEKIKKVDLEEPASLPQRQHVREEESNLGEWDLSRIQGESVKLTSLALQEESQEGLGQYKCGEGKQRYSSKPGLIRHRQRTHSGEKCYVCEECKRGFARRSYLNIHRRRHSGQKPHVCEECKRGFADKSTLIRHRWTHSKEKPYICEECKQGFTQKSYLIKHRWKHLGEKPYVCKECKQRFTQRSYLNTHRWRHRQRSLLCMRSAGEDLHRDHSSSYTDGHTQERGLMCVRSVREDLHRDHTSTHTDGNVGKEEPYVCEECR\\\""""";100way;NA;0;no;5;
Trichechus_manatus_latirostris;Manatee;Trichechus manatus latirostris;Oct/11;Broad v1.0;triMan1;Afrotheria;Placental;RefSeq;KRAB-SSXRD-SET;1;0;NA;FIX;" \MSPARATEESPGGDARRTGRGSTAKDAFRDISIYFSKEEWAEMGEWEKFRYRNVKRNYEALVAIGLRAPRPAFMCHRRQAIKAQVDDTEDSDEEWTPRQQVKPPWVVSRVEQSKHQKGTPRAPLNNESSLKEVSGTEILLSTAGSEQAQKLVSSPGEASTSDQHSRQKLEPRRKEVEVKMYSLRERKGLAYQEVAEPQDDDYLYCEKCQNFFIDACAVHGAPTFVKDSPADRGHPNRSALTLPPGLGIGPSGIPKAGLGVWNEASELPLGVHFGPYEGQVTEDEEAANSGYSWLITKGRNCYEYVDGKDESWANWMRYVNCARNEEEQNLVAFQYHRQIFYRTCSTIQPGCELLVWYGDEYGQELGIKWGSRWKKELTSGTEPKPEIHPCPSCPLAFSSQKFLSQHVKHRHPSQPFSGTPARKHLQPEDPRPGDQRQ---HS--RTQNDKAEDRETGDGSKRVFERTREGETSKVDSSLPKGQIGSSREGNRMMETEPSPGQKVNPEDTEKLLLGVGISRIVKVRHGECGQ--------------------------------------------------------GFSQKSVLITHQRTH-GEKPYVCRECGRGFS---------------------------------------------------------------------------------------------------------------------------------------------KSNLITHQRTHSGEKPYVCRECGRGFSVKSSLIGHRR---------------------------------------------------------------------------------------------------\\\""""";100way;NA;0;no;5;
Chrysochloris_asiatica;Cape golden mole;Chrysochloris asiatica;Aug/12;ChrAsi1.0;chrAsi1;Afrotheria;Placental;RefSeq;KRAB-SSXRD-SET;2;1;NA;OK;MCQNFFIDTCAAHGAPTFVKDSPMDKGHPNRSILTLPPGLRIGSSDIPEAGLGVWTEGSELPRGLHFGPYEGTVTEDEEAANNGYSWLITKGRNHYEYVDGKDEAQANWMRYVNCARDEEEQNLVAFQYHRQIYYRTCRTVRPGCELLVWYGDEYGQELGIKWGSNWKKELTPGTGGSQKPFLQIFVEKQSQRFIHVPPALWPSPVRNSSVNT;baker;NA;0;yes;5;
Echinops_telfairi;Tenrec;Echinops telfairi;Nov/12;Broad;echTel2;Afrotheria;Placental;RefSeq;KRAB-SSXRD-SET;1;0;NA;OK;MAGEESLEGAVGNKGQKAKDSFRDIAIYFSKEEWAEMGEWEKFRYRNVKKNYEALLALGLRAPRPAFMCHHRPAAKGQVEDSEDSDEEWTPRQRLRPPWVASRGEQNKQQKGMHRAPQDNESSSKELPATTNSLSACNSEQSSQQFSSPPERGSVPVQHSRQKLEPRRKEVEVKMYSLRERKDHAYQELGEPQDDDYLYCEKCQNFFIDTCTVHGAPTFVKDSPMDKGCPNHSALTLPPGLRIGPSSIPEAGLGVWNEESELPLGLHFGPYEGQMTEDEEAANSGYSWLITKGRNCYEYVDGKDTSWANWMRYVNCARDEEEQNLVAFQYRRQIFYRTCRAIQPGCELLVWYGDEYGLELGIKWGSKWKKELTSGTVSLMENFLFQENQNQRSIHAPPALWPSPVRHFSTNT;baker;NA;0;no;5;
Elephantulus_edwardii;Cape elephant shrew;Elephantulus edwardii;Aug/12;EleEdw1.0;eleEdw1;Afrotheria;;;KRAB-SSXRD-SET;1;0;NA;OK;MIFPECQKSHSTKAKLHSTQASQKIRKSHVCGDCGKSFTRQSSLTEHQRTHTGEKPFVCRECGKGFTKKSNLTLHQQTHTGEKPYVCRECGKRFVTKSNLTVHQQTHTGEKPYVCSECGKGFRQKGDLIIHKRTHTGEKPYKCSECGKDFIRKSILTIHQRIHTGEKPYICRECGKGFIKMHGLTLHQRTHMREKPYQCGECGKGFIQKAKLTIHQQTHAGEKPHTCSKCGKGFSQKGNLTSHEHTHSEEKRYIGSEFGMDFSQDVIPDAT;XP_006897461.1;0.313432836;8;no;5;
Loxodonta_africana;Elephant;Loxodonta africana;Jul/09;Broad;loxAfr3;Afrotheria;Placental;RefSeq;KRAB-SSXRD-SET;1;0;0.617;OK;MSPARAAKKNPRGDVGSAGRTPTAKDTFRDISIYFSKEEWAEMGEWEKFRYRNVKRNYEALVTIGLRAPRPAFMCHRRQAIKAQVDNTEDSDEEWTPRQQVKPPSVASRAEQSRHQKGTPKALLGNESSLKEVSGTAILLNTTGSEQAQKPVSSPGEASTSDQPSRWKLEPRRNEVEVKMYNLRERKGLEYQEVSEPQDDDYLYCEKCQNFFIDTCAVHGAPMFVKDSPVDRGHPNHSALTLPPGLRIGPSSIPKAGLGVWNEASELPLGLHFGPYEGQVTEDKEAANSGYSWLITKGKNCYEYVDGKDESWANWMRYVNCARDEEEQNLVAFQYHRQIFYRTCRTIQPDCELLVWYGDEYGQELGIKWGSRWKKELTSGTEPKPEIHPCPSCRLAFSSQKFLSQHMKHSHPSPPFPGTPERKYLQPEDPRPGGRRQQRSEQHMWSDKAEDPEAGDGSRLVFERTRRGCISKACSSLPKGQIGSSREGNRMMETKPSPGQKANPEDAEKLFLGVGTSRIAKVRCGECGQGFSQKSVLIRHQKTHSGEKPYVCGECGRGFSVKSVLIKHQRTHSGEKPYVCGECGRGFSVKSVLITHQRTHSGEKPYVCGECGRGFSVKSVLITHQRTHSGEKPYVCGECGRGFSQKSDLIKHQRTHSGEKPYSCRECGRGFSRKSVLITHQRTHSGEKPYVCGECGRGFSQKSNLITHQRTHSGEKPYVCGECGRGFSRKSVLITHQRTHSGEKPYVCGECGRGFSQKSNLITHQRTHSGEKPYVCGECGRGFSQKSDLITHQRTHSGEKPYVCRECGRGFSRKSNLITHQRTHSGEKPYVCRECRRGFSVKSALIGHGRRKCIDAAALFSCLPQPRMLPPRSRRVPGCPPGALRPEGAGAYSQVQLVQAGAETPQSAYLQVSSLKAEDTAAYYCGDTQKPRELTAMLG;baker;0.617283951;11;no;5;
Orycteropus_afer_afer;Aardvark;Orycteropus afer afer;May/12;OryAfe1.0;oryAfe1;Afrotheria;Placental;RefSeq;KRAB-SSXRD-SET;1;0;NA;OK;GTPGAPPSTESSLKESSGTACLQSTRGSEQPQQPTWPPAEASTSVGHLRQKLEPRTKAVEVKMYSLRERKGLTYQEIGEPQDDDYLYCEKCQNFFIDSCAAHGAPTFVKDSPVDRGHPNRSALTLPPGLRIGPSSIPAAGLGVWNEASELPLGLHFGPYEGQVTEDEDGAHSGYSWLITKGRNCYEYVDGKDESWANWMRYVNCARDEEEQNLVAFQYHRQIFYRTCRAIQPGCELLVWYGDEYGQELGIKWGSHWKKEPTARTGGQGPLSLQTFLVQP;NA;NA;0;no;5;
Mus_musculus;Mouse;Mus musculus;Dec/11;GRCm38;mm10;Euarchontoglires;Placental;RefSeq;KRAB-SSXRD-SET;1;0;0.91;OK;" \MNTNKLEENSPEEDTGKFEWKPKVKDEFKDISIYFSKEEWAEMGEWEKIRYRNVKRNYKMLISIGLRAPRPAFMCYQRQAMKPQINDSEDSDEEWTPKQQVSPPWVPFRVKHSKQQKESSRMPFSGESNVKEGSGIENLLNTSGSEHVQKPVSSLEEGNTSGQHSGKKLKLRKKNVEVKMYRLRERKGLAYEEVSEPQDDDYLYCEKCQNFFIDSCPNHGPPLFVKDSMVDRGHPNHSVLSLPPGLRISPSGIPEAGLGVWNEASDLPVGLHFGPYEGQITEDEEAANSGYSWLITKGRNCYEYVDGQDESQANWMRYVNCARDDEEQNLVAFQYHRKIFYRTCRVIRPGCELLVWYGDEYGQELGIKWGSKMKKGFTAGRELRTEIHPCLLCSLAFSSQKFLTQHMEWNHRTEIFPGTSARINPKPGDPC--DQLQE-QHVDSQNKNDKASN-EVKRKSKP-----RQR--STTFPSTLKEQ--RSEESKRTVEE-LRTGQTTNTEDTVKSFIASEISSIE-----QCGQYFSDKSNVM-HQKTHTGEKPYVCRECGRGFTQNSHLIQHQRTHTGEKPYVCRECGRGFTQKSDLIKHQRTHTGEKPYVCRECGRGFTQKSDLIKHQRTHTGEKPYVCRECGRGF-------------T----------------KSVLIKHQRTHTGEKPYVCRECGRGFTQKSVLIKHQRTHTGEKPYVCRECGRGFTAKSVLIQHQRTHTGEKPYVCRECGRGFTAKSNLIQHQRTHTGEKPYVCRECGRGFTAKSVLIQHQRTHTGEKPYVCRECGRGFTAKSVLIQHQRTHTGEKPYVCRECGRGFTQKSNLIKHQRTHTGEKPYVCRECGWGFTQKSDLIQHQRTHTREKZYIFEKNEK\\\""""";100way;0.719298246;10;no;5;
Tupaia_chinensis;Chinese tree shrew;Tupaia chinensis;Jan/13;TupChi_1.0;tupChi1;Euarchontoglires;Placental;RefSeq;KRAB-SSXRD-SET;1;0;1;OK;" \MRRYKSPEESPEGDAGRTEWKPTVKDAFKDISVYFSKEEWAQMGEWEKIRYRNVKRNYTTLIAIGLRAPRPAFMCHRKLAVKPHMDDAEDSDEEWTPRQQVKHPRVTLRVEEKKYQKGMSKLPFLKKSIFQELSGAVNLLNTSNSEKDQKPAFPPGETTTSGQLSRQTLEVRRKETKVKMYSLRERKCGTYKEVHEPQDDDYLYCEKCQNFFIDSCSAHGPPIFVKDSAVDKGSLNRSVLSLPPGLRIAPSGIPEAGLGVWNAATDLPLGLHFGPYEGQITEDEEAANSGYSWLITKGRNCYEYVDGKDESWANWMRYVNCARDDEEQNLVAFQYHRQIFYRTCRVIRPGCELLVWYGEEYGQELGIKWGSKWKKELVARREPRPEIHPCLSCSLAFSSQKFLNQHVEHNHSCQRSLRTSARKHLQPEHTHPGNENQEQHHSDPQHCSDKADYEKVKERSKPSQERTRQRTMSRTFCSPCKGQMENAREGERMTGQ--RTDQKVGAEDTGKLLVRVGSSRIAGVKYGECGQGLINKSN------------------------------------------------------------RZ----EKPYVCRECGRGFSQQSHLIIHQRTHTGEKPYVCRECGRGFSQQSHLIIHQRTHTGEKPYVCRECGRGFSRQSHLIIHQRTHTGEKPYVCRECGRGFSRQSHLIIHQRTHTGEKPYVCRECGRGFSRQSHLIIHQRTHTGEKPYVCRECGRGFSRQSHLIIHQRTHTGEKPYVCRECGRGFSQQSNLITHQRTHTGEKPZVCR------------------------------------------------------------------------------------KGEQ\\\""""";100way;1;7;yes;5;
Spermophilus_tridecemlineatus;Squirrel;Spermophilus tridecemlineatus;Nov/11;Broad;speTri2;Euarchontoglires;;;KRAB-SSXRD-SET;1;0;NA;FIX;" \MSTDGSPDESTKGDLGRPERKPKVKDAFKDVSIYFSKEEWAEMGEWEKIRYRNVKRNYNMLISIGFRAPRPAFMCHQRQTIKLQMDDTEDSDEEWTPRQQVKPPWVASRVEQSKPQK--PEVLLSNESSLKELSGTANLLNTSGSEQVQKPVSPLREASASRQHSRRKLELRTKEVEVKMYSLRERKGHAYKEVSEPQDDDYLYCDKCQNFFMDSCPVHGPPTFIKDSVVNKDHSNHSTLSLPLGLRIGPSSIPEAGLGVWNEATDLPLGLHFGPYRGQITEDEEAANSGYSWLITKGRNCYEYVDGKDESQANWMRYVNCARDDEEQNLVAFQYHRQIFYRTCRVIRPGCELLVWYGDEYGQELGIKWGSKWKKELSAGREPKPEIHPCPSCSLAFSSQKFLSQHVDRSHPSQIFPGTSMRKKLIPGDSSPRDQLQEQQHPDPHGWNDKARGQEVQGSLKPTHKGTRQR------SSPPKGQMGRSEESERMMEDDLKADQEINPEDTDKILVGVEMSRIVRVKNGECGQGFTQKSDLT-HQRTHTGEKPYVCRECGQ------------------------------------------------------------------------------------------------------------------------------------------------------------------------------------------------------------------------------------------------------------GFTWKSDLTKHQRTHTGEKPYVCRECGRGFTWKSYLIQHQRTHTGEKPYVCRVCGRGFTRKSVLIQHQRTHTGEKPFVFRKGKZ\\\""""";100way;NA;0;no;5;
Chinchilla_lanigera;Chinchilla;Chinchilla lanigera;May/12;ChiLan1.0;chiLan1;Euarchontoglires;Placental;RefSeq;KRAB-SSXRD-SET;1;0;NA;OK;MSTPSTPEDSSEEDPAGAGQKSKVKDAFKDISRYFSKEEWAKMGEFEKKRYRNVKNSYTMMLSIGLRAHRPAFMCRGRRTSKPQLDDSEDSDEEWMPRQQVKPPWVASQGKQSKHWKGMPRALLSDGPSFKQLPGPANLQDPSDSEKPQTPESFPREGKNTGQHSRRKLEPRKKAVKPKMYSLRERKCHTYEEVSEPQDDDYLYCEKCKNYFIDSCPVHGPPAFIKDSVVDEGSSDRAVLSLPPGLRIGPSSIPGAGLGVWNEAFDLPLDLHFGPYEGQITEDEEAGHSGYSWMITKGRHCYEYVDGKDTSKANWMRYVNCARNEEEQNVVAFQYHRQIFYRTCQAIGPGSELFVWYGDEYGHELGLKWGSKWKKHQAAGRAAPKPAIYPCPVCSLAFSSQEFLGAHVKRRHRAQMLLETAARNALHPEDACPGDPHGRGDRGGGGEGRGRPHALHQGARRRGSARAAGSPPKGQMGRAGEREEVMQEGPSTGRRVDAKDAGTLRVGGGSSQTAAVRSGEREQGLSDASDVSRHRRSRAGEKRFACGDCGRG;baker;NA;0;no;5;
Cricetulus_griseus;Chinese hamster;Cricetulus griseus;Jul/13;C_griseus_v1.0;criGri1;Euarchontoglires;Placental;RefSeq;KRAB-SSXRD-SET;1;0;0.781;OK;MSCTRNTNKQEGNSPAGDAERLEWKPKVKDEFKDISIYFSKEEWAEMGEWEKIRYRNVKRNYKMLISIGLKAPRPAFMCYQRQAFKPQMDDSEDSDEEWTPKQQGSPPWVPFRVKHTKKQKETQRIPLNKESNVKEVSGSENLLSTSGSEHVQKTVFSPGEGNASGQHTGQKPKLRRKNVEVKMYSLRERKDLAYEEVNEPQDDDYLYCEKCQNFFINSCPSHGPPIFVKDSMVDRGHPNCSVLSLPPGLRIGPSGIPEAGLGVWNEASDLPVGLHFGPYKGQITDDEEAANSGYSWLITKGRNCYEYVDGQEESQANWMRYVNCARDDEEQNLVAFQYHRQIFYRTCRVINPGCELLVWYGDEYGQELGIQWGRKNKKGFATGRELRTEIHPCLLCSLAFSSPKFLSQHVQWNHRTQIFPGASSTINSKPGDPHPDQLQEQQHFNSHNKNDKARSLEVKGKSKPMHKWTRQISTAFPSTLKGHMRSEENKKTMEVLRTGQKTNTEDTIKSFIGSEISRIERKCGQYFSDKSNVNEHQRTHTGEKPYVCRECGRGFTQKSHLIRHQRKHTGEKPYVCRECGRGFTQKSRLISHQRTHTGEKPYVCRECGRGFTVKSSLISHQRTHTGEKPYVCRECGRGFTVKSSLISHQRTHTGEKPYVCRECGRGFTVKSSLISHQRTHTGEKPYVCRECGRGFTVKSSLISHQRTHTGEKPYVCRECGRGFTVKSSLISHQRTHTGEKPYVCRECGRGFTVKSSLISHQRTHTGEKPYVCRECGRGFTQKSNLIRHQRTHTGERPCVCLFKKDKKASVNKTTPQQSQKDKCSL;baker;0.78125;9;no;5;
Heterocephalus_glaber;Naked mole rat;Heterocephalus glaber;Jan/12;Broad HetGla_female_1.0;hetGla2;Euarchontoglires;Placental;RefSeq;KRAB-SSXRD-SET;1;0;NA;OK;MSAQSSSEDSPEEGSSEDSPEEGSSEAGQKPKVKDAFKDISRYFSKEEWARMGKFEKKRYRNVKNNYNMMLSIGLKPHRPAFMCQRRRTSNPLVDDTEDSDEEWTPRQQVRTPRVALRTEQSKRRTVSIPRALLARNFLLGPRTQRREKEKEQSRLEQLPPFGDIFRTVAGRNSGQRSRGKSEPRRKGIAPKVYSLRERKCRTYEEVSEPQDDDYLYCEKCKNYFIDSCAVHGAPAFVKDSAVAEGAADRAVLSLPPGLSIGPSSIPGAGLGVWNEASHLPLDLHFGPYEGQLTEDEEAGRSGYAWMVTKGRHCYEYVDGKDRSRANWMRYVNCARDEEEQNLVAFQYHRQIFYRTCQPIGPGSELFVWYGDEYGEELGIKWGSKWKQQHTARTGPKADVQPCPSCSLAFSSQRSLSQHVKRSHPSQIPPGTPARENLNPQDPRLRDQLGELQDPDPSSSLNEGGGREVQGRSSPARQRTWQRGVSRASPSPPQGHIGGSGEREGGVEVGLRTGHDVDPGDTGSGRPGEGVSQVAGAQHGGSGPRLGDGSLVSRSRGSQAGEKPYVCRECGRGFSRKSSLTQHQRTHTGEKRTHTGEKPYVCRECGRGFSRKSCLIRHQGTHTGEXPCVCRKSKSLAVQPHRSGHGEPCSHCTPHTPVLRGPQRRPLPPPSAKGPDFTSSTNPPPS;baker;NA;0;yes;5;
Jaculus_jaculus;Jerboa;Jaculus jaculus;May/12;JacJac1.0;jacJac1;Euarchontoglires;Placental;RefSeq;KRAB-SSXRD-SET;1;0;NA;OK;MNDDRLKNESRKGDARRPERKTKVKDEFKDISIYFSKEEWAEMGEWEKIRYRNVKRNYKMLISIGLKAPQPAFMCHQRQAIKLQMGDSEDSDEEWTPRKQVNPPRVAFRVEQTKQQKGMPRVPLSDESSLKKLSGTANLLNTSDSEHDQKLVSSPGEASTSGQHSGRKLDKKLTRKYVEAKMYSLRERKGRAYEEVSEPQDDDYLYCEKCQNFFINSCPIHGPPIFIKDSLVNKGHPNCSALSLPPGLRIRPSGIPDAGLGVWNEASDLPVGLHFGPYEGQITEDEEAANSGYSWMITKGRNCYEYVDGKDESQANWMRYVNCARDDEEQNLVAFQYHRQIFYRTCRVIRPGSELLVWYGDEYGQELGIKWGSKRKKVFTEGREQKPKIHPCLLCSLAFSSQKFLNQHVEWSHPTHIFPGTSPRNNLKPGDLCPENQFQELQHSDPQVKNDKARGQEVTEKSIPRDKWTKQSRISAAFSCPLNDQVGKCEESDSMIGLKSSQKVNAEGTGKLCIGIGISRAKNGECELGFSDKSCVIIHQETHTGEKPYVCRECGRGFTQKSVLIGHQRTHTGEKPYVCRECGRG;baker;NA;0;no;5;
Mesocricetus_auratus;Golden hamster;Mesocricetus auratus;Mar/13;MesAur1.0;mesAur1;Euarchontoglires;Placental;RefSeq;KRAB-SSXRD-SET;1;0;NA;OK;MHTARETPSSHHLTQPRSLTRRNPNLKILTPSSQGLPSLVPRIPESTAVKTSLQDPARSGESPECSALTPRFRWRDPGEVFCTMSTNEQGGISPAGDAERPKVKDEFKDISIHFSKEEWAEMGEWEKIRYRNVKRNYKMLVSIGLKAPRPAFMCYQRQAFKPQIDDSEDSDEEWTPKRQGSPPWVPFQVKHTKQQKEKQRLPLSQKSIIQKVSGPENLLNTSDSEHAQKPVSSLGEGNAVGQQAGQKPKLRRKNVEVKMYSLRERKGLAYEEVNEPQDDDYLYCEKCQNFFINSCPNHGPPIFVKDSVVDSGHPNRSVLSLPPGLRIGPSGIPEAGLGVWNEASDLPVGLHFGPYKGQITDDEEAANSGYSWLITKGRNCYEYVDGQDESQANWMRYVNCARDDEEQNLVAFQYHRQIFYRTCRIIRPGCELLVWYGDEYGQELGIQWGSKIKKGFATGRGEYYFGSLKNKEKEEFSLKMFMFQLFFP;baker;NA;0;no;5;
Microtus_ochrogaster;Vole;Microtus ochrogaster;Oct/12;MicOch1.0;micOch1;Euarchontoglires;Placental;RefSeq;KRAB-SSXRD-SET;1;0;NA;OK;MSTHKLEENSQEGDAARLEWKPKVKDEFKDISIYFSKEEWAEMGEWEKIRYRNVKKNYKMLVSIGLKAPKPAFMCYQRQAIRPQIEDSEDSDEEWTPKQQVSPPWVPFRVKHTKQQKEVPGMPLSSESNVKKVPGIENLLDTSGSELAQKLVSSSGEGNASGQHSGQKPKPRRKKAEVKMYSLRERKDLAYEEVGEPQDDDYLYCEKCQNFFINSCPNHGLPIFIKDSEVDGGHPNHSVLSLPPGLRIGPSGIPEAGLGVWNEASDLPVGLHFGPYKGQITDDEEAANSGYSWLITKGRNCYEYVDGQDESQANWMRYVNCARDDEEQNLVAFQYHRQIFYRTCRVIRPGCELLVWYGDEYGQELGIQWGSKRKKGLTTGTELRTEIHPCLLCSLAFSSPKFLSQHMQWNHRTQIFPGASARINSKPGDRSPDQLQEQQHFDSHNKNDKVRSQDVKGKSKPMHKWTRQISTAFPSTLKGNMRSEGSKKTMEEELRTEQKTNTEDAVRSFIGSEISRVEGEHGQCFSDKSNVNDHQRTHTGEKSYLFKKNEKANSNRNTPQQSQEDKCSL;baker;NA;0;no;5;
Ochotona_princeps;Pika;Ochotona princeps;May/12;OchPri3.0;ochPri3;Euarchontoglires;Placental;RefSeq;KRAB-SSXRD-SET;1;0;NA;OK;MDKVNVSEPGLRRDAPEAERGPRAMSAAPLEPSLGRVRAQGEQEVPDAFRDICVYFSRAEWAEMSESEKLRYRNVKRNYSALRAIGFRAPRPAFMCRRRLAGRAREEDTDDSDEEWTPRPQVKPPRMTFRMEQSKHQKGMPKVPTHHESSVTEAPRTAPFLRPVGSQQGRKPAFPPEEASASGQHSTRRLEGRRKTDLKIYSLRKRKSRTYKECSEPQDDDYLYCEMCQNFFIESCAVHGSPTFVKDNPVGKGHPHRSVLSLPSGLRIGPSGIPEAGLGVWNETTDLPLGLHFGPYEGQVTEEEEATNSGYSWLITKGRNRYEYVDGKDPSQANWMRYVNCARNDEEQNLVAFQYHRQIFYRTCRAVRQGCELLVWYGDEYGQELGIKWGSKWKEELTQSQSQKSIPAPHAHWPSPVTSSSVDIRSAVTPLRSSQKHHQDACNQ;baker;NA;0;no;5;
Octodon_degus;Brush tailed rat;Octodon degus;Apr/12;OctDeg1.0;octDeg1;Euarchontoglires;Placental;RefSeq;KRAB-SSXRD-SET;5;1;0.333;OK;PRRRVVEWKLYTLRQGNGPAHEEVSEPQDDDFLYCEKCKTNFIDSCPAHGPPTFMKDSVVDVGLEDHAMLTLPPGLKIGPSNIPGTGLGVWNGNSTLPVDVHFGPYEGQITEDEEAGLSGYAWIITEGRQSYKYVDGKDTSHANWMRYMNCARIEEEQNLVAFQYHGQIFYHTCKAIKPGTELLVGNRNEYGQELGLTCSSNWKKQHVNGREPKAEIHLCPLRSLAFSIRKFHSGYINHGHLSQIHWVTATSNTLQGEDACPGDLLWKQQQSRPHDRNDGGDSGFACRDCGRGFLYQSLFIRHRRTHTGEKPYVXRDCGRGFTCQSNLTKHERTHTVEKPYVCSHCRRGFTFQSNITEHKRTHTGEKPYVCSDCGRGFTFQSNFNKHKRTHTGEKPYVCNDCGRCFSLRSRLTSHQRTHTGEKPYVCRDCGRGFSAQSNLTQHKRKHTGEKPYVCRDCERCFSQQSSLTRHQRTHRIGAQCSQKY;baker;0.297709924;6;yes;5;
Oryctolagus_cuniculus;Rabbit;Oryctolagus cuniculus;Apr/09;Broad;oryCun2;Euarchontoglires;Placental;RefSeq;KRAB-SSXRD-SET;1;0;NA;OK;MSAAAPAEPSPGADAGQARGKPEVQDAFRDISIYFSKEEWAEMGEWEKSRYRNVKRNYCALVAIGLRAPRPAFMCHRRLAVRARADDTEDSDEEWTPRQQVKPPWMAFRTEHSKHQKGMPRLPVNNESSLKELSGIANLLNTTGSEEDQKPSFPPKETRTSGQHSTRKLGLRRKNIEVKMYSFRKRKSQAYKECSEPQDDDYLYCEKCQNFFLDSCAVHGPPIFVKDSAVDKGHPNRSVLSLPPGLRIGPSGIPEAGLGVWNEASDLPLGLHFGPYEGQITEEEEAANSGYSWLITKGRNCYEYVDGKDRSWANWMRYVNCARNDEEQNLVAFQYHKQIFYRTCQVIKPGCELLVWYGDEYGQELGIKWGSKWKEELTAGREPKPEIHPCPSCSLAFSSHKFLSQHMECSHSSQIFPGAPARNHLQPANPCPGKEHQKLSDPQSWNDKNEGQDVKEKSRFSSKRTRQKAISRSFSSLPKGQVETSREGERMIEEEPRIGQELNPEDTGKSSVGAGLSRIAGVKYRDCRQGLSDKSHLINGQRAHTGEKPYACRECGQSFTVKSNLISHQRTHTGEKPYACRECGRGFTQKSHLIRHQRTHTGEKPYACRECGQSFTWKSNLISHQRTHTGEKPYACRVDE;baker;NA;0;no;5;
Rattus_norvegicus;Rat;Rattus norvegicus;Mar/12;RGSC 5.0;rn5;Euarchontoglires;Placental;RefSeq;KRAB-SSXRD-SET;1;0;0.57;OK;MSRTMNTNKPEENSTEGDAGKLEWKPKVKDEFKDISIYFSKEEWAEMGEWEKIRYRNVKRNYKMLISIGLRAPRPAFMCYQRQAIKPQINDNEDSDEEWTPKQQVSSPWVPFRVKHSKQQKETPRMPLSDKSSVKEVFGIENLLNTSGSEHAQKPVCSPEEGNTSGQHFGKKLKLRRKNVEVNRYRLRERKDLAYEEVSEPQDDDYLYCEKCQNFFIDSCPNHGPPVFVKDSVVDRGHPNHSVLSLPPGLRIGPSGIPEAGLGVWNEASDLPVGLHFGPYKGQITEDEEAANSGYSWLITKGRNCYEYVDGQDESQANWMRYVNCARDDEEQNLVAFQYHRKIFYRTCRVIRPGRELLVWYGDEYGQELGIKWGSKMKKGFTAGRELRTEIHPCFLCSLAFSSQKFLTQHVEWNHRTEIFPGASARINPKPGDPCPDQLQEHFDSQNKNDKASNEVKRKSKPRHKWTRQRISTAFSSTLKEQMRSEESKRTVEEELRTGQTTNIEDTAKSFIASETSRIERQCGQCFSDKSNVSEHQRTHTGEKPYICRECGRGFSQKSDLIKHQRTHTEEKPYICRECGRGFTQKSDLIKHQRTHTEEKPYICRECGRGFTQKSDLIKHQRTHTGEKPYICRECGRGFTQKSDLIKHQRTHTEEKPYICRECGRGFTQKSSLIRHQRTHTGEKPYICRECGLGFTQKSNLIRHLRTHTGEKPYICRECGLGFTRKSNLIQHQRTHTGEKPYICRECGQGLTWKSSLIQHQRTHTGEKPYICRECGRGFTWKSSLIQHQRTHTVEK;baker;0.553191489;9;yes;5;
Cavia_porcellus;Guinea pig;Cavia porcellus;Feb/08;Broad;cavPor3;Euarchontoglires;;;KRAB-SSXRD-SET;1;0;NA;OK;NA;NA;NA;0;no;5;
Haplochromis_burtoni;Burtons mouthbreeder;Haplochromis burtoni;Oct/11;AstBur1.0;hapBur1;Fish;Bony fish;RefSeq;SET;1;0;0.18;OK;" \------------------------------------------------------------------------------------------------------------------------------------------------------------------------------------------------------------------------------------------------------------------------------------------------------IYKDKDDYDYIDAAKESY-NWMRYVNHARHRDEANLLAVQYKGSILFHCCRTINTGDELLVW-----------------------------------------------------------------------------------------------------------------------------------------------------------------------------------SI----HERTHTGEKPYSCKICA-KFRCSANLKSHTRIHTGERPHSCKTCGKSFTQRGSLTVHMRTHTGEKLYSCKACGKRFCQD---L-HMRTHTGEKRYSCKICEKNFTQSSHLLRHTRTHTDEKPYPCKICGKHF-----LEIHMRAHTGEKPFSCNVCGKGFTRK---DSHMRTHTGERPFICGFCGRGFKYRSRMQRHQRIHTGEKPYPCEMCGKGF----SLTVHMRTHTGDKPYVCNTCGKRC---LTSSTHAAVHTCQKPYSCKTCGKGFAQKSIL-VHTRVHTGEKPYLC-ICGKRFFKLST-NMHMFIHADEKPYSCQTCGKGFNRRTDL-FHRRSHTGEKPYVCK----\\\""""";100way;0.244966443;12;no;2;
Maylandia_zebra;Zebra mbuna;Maylandia zebra;Mar/12;MetZeb1.1;mayZeb1;Fish;Bony fish;RefSeq;SET;1;0;0.173;OK;" \------------------------------------------------------------------------------------------------------------------------------------------------------------------------------------------------------------------------------------------------------------------------------------------------------IYKDKDDYDYIDAAKESY-NWMRYVNHARHRDEANLLAVQYKGSILFHCCRTINTGDELLVW-----------------------------------------------------------------------------------------------------------------------------------------------------------------------------------SI----HERTHTGEKPYSCKICA-KFRCSDSLLVHMRIHTGEKPYGCKTCGKRFICTSNLKSHTRIHTGERPHSCKTCGKSFTQQ---T-HMRTHTGEKLYSCKACGKRFCQSGTLLIHMRTHTGEKRYSCKVCGKGF-----SVIHMRTHTGERPFICGFCGRRFGRK-----HQRIHTGEKPYPCEMCGKGFSQKDALTVHMRTHTGDKPYVCNTCGKDA-D---LTRHAAVHTCQKPYSCKTCGKGF-QKSILLVHTRVHTGEKPYLCNICGKRFFKLSTF-LHMFIHADEKPYSC-TCGKGFTEVRN-LSHTKIHTSEKPYSCETCGKSFNRGSNL-CHMRSHTGEKPYVCK----\\\""""";100way;0.251724138;12;no;2;
Neolamprologus_brichardi;Princess of Burundi;Neolamprologus brichardi;May/11;NeoBri1.0;neoBri1;Fish;Bony fish;RefSeq;SET;1;0;0.173;OK;" \------------------------------------------------------------------------------------------------------------------------------------------------------------------------------------------------------------------------------------------------------------------------------------------------------IYKDKDDYDYIDAAKESY-NWMRYVNHARHRDEANLLAVQYKGSILFHCCRTINTGDELLVW-----------------------------------------------------------------------------------------------------------------------------------------------------------------------------------------HMRTHTGEKPHCCNTCG-RFWQAVSLKIHTRSHTGEKPYSCQTCGKGFSSCDSLTVHTRTHTGEKPYPCNTCGKRFRLG---K-HMRTHKGERLYSCETCGKSFTKNVSLLLHRRTHRDKKSYTCSTCEERF-----WT-HMRTHTGKKLYFCETCGKCFTH----STHIRTHTGEKPYACETCTRRFSSRAYLKVHMRTHTGEKPFTCKTCGKGFRS---LIAHVRIHTGEKPYTCKVCGKRF-HMMTLIVHMRTHTGEKPYSCDTCGKEFSSTSHL-KHMIVHTGEKPYAC-LCGKSFTSSSY-KVHMRSHTGEKPYSCKTCGKGFSKAA-L-IHMRTHTGEKPYTC-----\\\""""";100way;0.253948967;12;no;2;
Oryzias_latipes;Medaka;Oryzias latipes;Oct/05;NIGUT MEDAKA1;oryLat2;Fish;Bony fish;RefSeq;SET;1;0;0.213;OK;" \------------------------------------------------------------------------------------------------------------------------------------------------------------------------------------------------------------------------------------------------------------------------------------------------------IHKDEDHYEYIDATNDLY-NWMRYITFARSKEETNLLAVQYNGSILYHCCRTIHTGDELTVW-----------------------------------------------FE-Q--RL------LZF---------LSS-----------P---RREPH---IEWEQDN-LH--RLGRTE--TTGS--IZE----------D-KLGD--------SDILR----DGZI-EDZ--G-GQSSS-TS-----LTSNSVDKPFTCEECC-SFRRLCHLQTHRRIHTGEKPFFCKECFKCFRDSSTLRRHMRTHTGERPFFCLQCHQSFSHY---R-HVRTHTGEKPFACQECDKSFNEKSSLKKHMTTHTGEKPFACQDCDQRF-----PQDHMRIHTGEKPFACKECNKLF-----GNIHMRTHTGEKPFACQDCNQRF-TK---SAHMRIHTGEKPFACTECHKLFRE--HLKTHRRIHTGEKPFFCKECFKCF-ESSSLRRHMMTHTGERPFFCLQCHQSFSQISNL-AHVRTHTGEKPFAC-ECDKSFSEKSS-RKHMTTHTGEKPFACQDCD--FSR---L-SHMRIHTGEKPFAC-K-NK\\\""""";100way;0.264669164;12;no;2;
Pundamilia_nyererei;Pundamilia nyererei;Pundamilia nyererei;Oct/11;PunNye1.0;punNye1;Fish;Bony fish;RefSeq;SET;1;0;0.173;OK;" \------------------------------------------------------------------------------------------------------------------------------------------------------------------------------------------------------------------------------------------------------------------------------------------------------IYKDKDDYDYIDAAKESY-NWMRYVNHARHRDEANLLAVQYKGSILFHCCRTINTGDELLVW-----------------------------------------------------------------------------------------------------------------------------------------------------------------------------------------HIRCHTGEKPYSCGACG-QFSHMINLKTHMRTHTGEKPYSCSTCGKDFSNFSAFKTHMRFHTGEKPHSCDTCGKGFRHE---K-HMRTHTGEKPYSCSSCGKRFSHKSTLERHMRIHTGEKPHSCTICGKRF-----IKIHTRFHTGEKPHYCGTCGKGFSHM-----HMRIHTGEKPYSCNTCGKQFSYRMNLKTHMRTHTGEKPYSCSTCGKDFSD---LKSHTRFHTGEKPHSCDTCGKRF-HMMNLKTHMRTHTGEKPYSCSTCGKRFSHKSTL-SHMQIHTGEKPHSC-TCGKRFRHMMN-RTHMRTHTGEKPYSCSACGKRFSQIN-L-GHMQSHTGEKPHSCT----\\\""""";100way;0.273865415;12;no;2;
Gadus_morhua;Atlantic cod;Gadus morhua;May/10;Genofisk GadMor_May2010;gadMor1;Fish;Bony fish;WGS;SET;2;1;NA;OK;" \-------------------------------------------------------------------------------------------------------------------------------------------------------------------------------------------------------------------------------------------------LSHVGZIRDSGIPGAGLGVFYCGTVAFPGTHFGPYEGHRTDEEGALESGYSWE-----------------------YVNCARNEEEQNLIAFQHKGGILYRTCGFVTPGAELLVWYGDEYARHLGIGFDRLWNKEL----------------------------------------------------SSS----------VS---SREPQ---TQVGPDP-PZ--RRTR-------P--AQR-----------------------------------------------------------------KRYCCTLCG-AFRHAGDLKKHHRVHTGEKPYCCSVCGKRFSQSGYLKIHLRHHTGERPYGCTQCGKRFS-------HHRVHTGEKPYCCSVCGKRFSQSGYLKIHLRYHTGEKPYCCPVCGKSF-----LKIHLRYHTGEKPYTCEHCGKGF-----HSSNLKKH--DETYNCSLCGKTFNRMGNLRSHLRCHTGEKPYGCQHCGKLFSH--DLQKHTRIHTGERPYACLRCGKRF-QSSHLKKHQRIHTRKEKHVCFLCGKTFSRLANL-VHQRSHTGEKPYRC-QCERSFSQGGD-NKHMRVHTGEKPYYCSHCGKNFSRRENL-SHQKIH-TATPGL--K---\\\""""";100way;0.235971223;11;no;2;
Astyanax_mexicanus;Mexican tetra;Astyanax mexicanus;Apr/13;Astyanax_mexicanus-1.0.2;astMex1;Fish;Bony fish;RefSeq;SET;2;1;0.258;OK;" \------------------------------------------------------------------------------------------------------------------------------------------------------------------------------------------------------------CEECKSYFRNECAVHGP-SSSSDTPIPMG--RZSLQTLPPGLEVRSSGIPGSGLGVFNQGETIPLGAHFGPYQGDLVDKERAMKSSYSWV-----------------------FVRHARNVEEQNLVAFQHQGRILYRCCRPIKLGQELLMWQR--YAKNAGITFDFLWNQ-----------------------------------------------------------------------------------------------------------------------------------------------------------------------------ERNHHCSECG-SFMDRAHLQLHRRLHTGEKPYRCSDCGRTFTQGSHLNIHKRIHTGEKPYQCSECGKSFTRS---Q-HQRTHTGEKPYYCAECGKSFSSHGQFKLHHRIHTGEKPYTCPDCGKSF-----LKIHRRVHTGEKPYECLECGKKY-QA---SSHQRTHAAEKPYKCSECGKGFTQKTNLHLHQRIHTGEKPHVCPQCGMGFSQ--DLFLHQRVHTGEKPHHCSECERSF---GIL-RHRRVHTGEKPYCCPDCGRSFTQQGNL-EHRRVHTGEKLYCC-DCGRRFAQNRT-QRHRLDHTGEKPHQCPDCGKSFGDRGGL-SHRRVHTGERPYCCPE---\\\""""";100way;0.254830918;12;no;2;
Tetraodon_nigroviridis;Tetraodon;Tetraodon nigroviridis;Mar/07;Genoscope 8.0;tetNig2;Fish;;;SET;1;0;NA;OK;" \------------------------------------------------------------------------------------------------------------------------------------------------------------------------------------------------------------CEECLALFQNRGDITGP-SFILDFPASTGIPQRALLTLPYGLVIGRSSIPNAGVGVLNNGPVVSPGMHFGPYEGEVTAKENALSSNFSWEIYKGEDTYEYIDGVRESH-NWMRYVICARNKEESNLSAVEYNGIILFHCSRAINPGDELLVWPSGK-----------------------------------------------------------P---------PLP-----------P---GSEAL---LEGQHGT-HE--GPRSTA--SA---------------------------------------------------CGKAFK-LS-----TRIHTGEKQYVCTTCR-AFKRSYELSRHVRIHTGDKPYVCNTCGKAFTQSTDLSYHVRIHTGEKPYVCTTCGKAFKQC---S-HVRVHTGEKPYICNTCGKDFRQSANLSSHMRIHTGEKPHICKTCGKEF-----LSSHMRIHTGEKPYTCKTCGKAFRQS-----HVKVHTGEKQYVCKICGKNLSSKRNLFHHMRIHTGEKPYVCSACRKAFR----FRKHQRTHKGEKPYHCSFCSKQY-QRSN---HLRIHTGEKPYVCETCGKGFIQRIZZ--HERAHTGEKPYLC-TCGKCFTASSE-SVHKRIHTGEKPYTCGLCGQGFTNSSDL-FHMRTHTGERPYVCI--GK\\\""""";100way;0.26125;12;no;2;
Takifugu_flavidus;Yellowbelly pufferfish;Takifugu flavidus;May/13;version 1 of Takifugu flavidusgenome;takFla1;Fish;;;SET;1;0;NA;OK;" \------------------------------------------------------------------------------------------------------------------------------------------------------------------------------------------------------------CEECLGLFQNQSDITGP-SFILDFPASMGIPQRALLTLPYGLVIGRSSIPNAGVGVLNNGPVVSPGMHFGPYEGEVTAKENALTSHFSWEIYKGEDTYEYIDGVRESH-NWMRYVTCARNKEESNLLAVEYNSIVLFHCSRTINPGDELLVW----------------------------------------------------------------------------------------------------------------------------------------------------------------------------CGKAFK-LS-----TAIHTNEKPYMCTTCG-AFKQTCQLSVHMKVHSDEKPYVCNTCGKDFRDKASLSSHMRVHTGEKPCICTTCGKAFKKZ---S-HMRIHVGVKPFVCNICGKGFIEKTNLSSHLRIHTGEKPYICKTCGKAF-----FSNHTRIHTGEKPYNCKTCGKAFRQS-----HIKIHTGEKPYICKTCGKAFIQKTSLSVHLKVHTGNKPHICKICGKALS----LSYHARVHTGEKPYICKVCGKGL-CNSNLSHHMRIHTGEKPYICTTCGKAFKQSNAL-RHVRVHTGEKPYIC-TCGKDFRQSAN-SSHMRIHTGEKPHICKTCGKEFRLKKNL-CHMRIHTGEKPYICK--GK\\\""""";100way;0.280958722;12;no;2;
Takifugu_rubripes;Fugu;Takifugu rubripes;Oct/11;FUGU5;fr3;Fish;Bony fish;RefSeq;SET;1;0;0.188;OK;" \------------------------------------------------------------------------------------------------------------------------------------------------------------------------------------------------------------CEECLGLFQNQSDITGP-SFILDFPASMGIPQRALLTLPYGLVIGRSSIPNAGVGVLNNGPVVSPGMHFGPYEGEVTAKENALTSHFSWEIYKGEDTYEYIDGVRESH-NWMRYVTCARNKEESNLLAVEYNSIVLFHCSRTINPGDELLVWPSSKWPRHLEVWFSRAWNRY------T--Z-SA---Y--DVSSZSF-F--G--DP------GKP---------LWQ---------------RSETL---MERFSGR-HK--APRWTV--SV----TRG--------------------------------------------CGKDFR-LS-----MRVHTGEKPCICTTCG-AFKRRNDLSRHMRIHVGVKPFVCNICGKGFIEKTNLSSHLRIHTGEKPYICKTCGKAFRZI---S-HTRIHTGEKPYNCKTCGKAFRQSSKLADHIKIHTGEKPYICKTCGKAF-----LSVHLKVHTGNKPHICKICGKALSSK-----HARVHTGEKPYICKVCGKGLSCNSNLSRHTRIHTGEKQYVCTTCRKAFK----LSRHMRIHTGDKPYVCNTCGKAF-QSTDLSHHMRIHTGEKPYICTTCGKAFKQSNAL-RHVRVHTGEKPYIC-TCGKDFRQSAN-SSHMRIHTGEKPHICKTCGKEFRLKKNL-CHMRIHTGEKPYICK--GK\\\""""";100way;0.284946237;12;no;2;
Xiphophorus_maculatus;Southern platyfish;Xiphophorus maculatus;Jan/12;Xiphophorus_maculatus-4.4.2;xipMac1;Fish;Bony fish;RefSeq;SET;1;0;0.191;OK;" \------------------------------------------------------------------------------------------------------------------------------------------------------------------------------------------------------------CEECLPLFQDQSDINGP-SFILDFPTTMGVPQRALLTLPFGLMIGRSSIPSAGVGVINQGLALSPGMHFGPYEGEVTVKENAITSDFSWEIYKGEDQYEYIDATSDSY-NWM------------------------------------------------------------------I--Z-LZ---Y---PSVPSC-CZ-F----------WZS---------RDS---------------RKDLN---IKEEQVS-LS--ZPGETG--SAAA--RHR----------E-EPEP--------TDRLK----TGGT-ETK--T--QRIR-SV-----S-SKTKEKHRSCKICG-HLIRKTLLKIHMRIHTGEKPHTCQVCSKSFRQSFG---HMRNHTGERPFSCQTCGKSYIKZ---N-HRRSHTGEKPFSCEECGKLFNKKSNLDDHLRSHTGENV---------------HLANTRTHTGEKPFLCVACGKRF-----QNYHMKIHTGERPFSCPTCGKSFIKEWNLS-HTM-HTGEKPYPCEVCGKSFNK--YLTNHMRTHTCEKPFSCLTCGKSF-KQGNLTDHIRSHTGEKP-IRAKCAASFVNKSHL-HHLRTHTGEKPYDC-LCGKSFTDCSS-AQHMKTHTGEKPYPCDVCG--SFRNRSL--HMRTHTGEKPFSC-K-SK\\"" 100way""";0.23089701;10;;no;2;
Oreochromis_niloticus;Nile tilapia;Oreochromis niloticus;Jan/11;Broad oreNil1.1;oreNil2;Fish;Bony fish;RefSeq;SET;1;0;0.173;OK;" \------------------------------------------------------------------------------------------------------------------------------------------------------------------------------------------------------------CEECLTLFQDQCNINGP-SFILDFPTNMGVMQRALLTLPFGLMIGRSSIPSAGIGVLNYGPAVSPGMHFGPFEGEVTTREIAMASDFSWE-------YEYIDAAKESY-NWMRYVNHARHRDEANLLAVQYKGSILFHCCRTINTGDELLVW---------------------------------------GFLI--F-FZ-L--SL-------LS---------LQP---------------SWEAR---LGRR-GL-HQ---SGGTE--DE-----RG----------A-EVRA--------AGRRR-----TRI-KTN--KCGKRFS-ST----HARTHTGEKPYTCELCG-SFRRNYRLTVHMRSHTGEKPFACEFCRKSFSCNSNLKIHLRIHTGEKPHVCETCGKSFNQS---K-HLRNHTGEKPYSCKLCGKCFSSSSSLIGHMRIHTGEKPYSCQTCGKGF-------IHTRTHTGEKPYSCNTCGKRFRQS---SGHMRTHKGERSYSCETCGKSFTKSVSLLLHRRTHRDKKSYTCSTCEERFIC---LDNHMRTHTGKKLYFCETCGKCF-HSSTLADHIRTHTGEKPYACETCTRRFSSRAYL-IHMRTHTGEKPFSC-MCGKGFRSCTH-IAHVRIHTGEKPYTCKVCGKRFSLVG-L-NHMMTHTGEKPYACE----\\\""""";100way;0.25;12;no;2;
Danio_rerio;Zebrafish;Danio rerio;Jul/10;Zv9;danRer7;Fish;Bony fish;RefSeq;SET;1;0;0.179;OK;" \------------------------------------------------------------------------------------------------------------------------------------------------------------------------------------------------------------CEMCQQHFIDQCETHGPPSFTCDSPAALGTPQRALLTLPQGLVIGRSSISHAGLGVFNQGQTVPLGMHFGPFDGEEISEEKALDSANSWVICRGNNQYSYIDAEKDTH-YZ-RF-C-ARSETEQNLVAFQQNGRILFRCCRPISPGQEFRVWLR--YAQGLGAIWDKIWDN-I-----Q--Q-HE---D-------QF-I----CDQ---SF-GTY---------PHR----------VR---SLNPL---SVGZQKN-RK--CRTK-----------------------E----S--------SGILK----ETRV-----------------------------FY-CTQCG-SLASKSKLKIHMRIHTGEKPFTCTQCGKSFSHSSHLNRHMRIHTGEKPFTCTQCGKSFRHS---L-HMMIHTGEKPFTCTQCGKSFSKSLQLNQHMTIHTGKKPFTCTQCGKSL-----LRIHTMNHTGEKPFTCTQCGKSFSQS---HTHMMIHTGEKPFVCTQCGRSFNHSSHLNKHMRIHTGEKPFTCTQCGKSFSQ--NLNQHMRIHTGEKPFTCTQCGNSF---IIIPKHMRIHTGVRPFTCTLCGKSFSHSSTR-LHMRIHTGEKPFTC-QCGKSFSQSSH-NQHMMIHTGERPFTCTQCGTSFSKSSNL-KHMKIHTGVREZMCLE-ZE\\\""""";100way;0.339966833;12;no;2;
Lepisosteus_oculatus;Spotted gar;Lepisosteus oculatus;Dec/11;LepOcu1;lepOcu1;Fish;Bony fish;RefSeq;SET;2;1;0.223;OK;" \------------------------------------------------------------------------------------------------------------------------------------------------------------------------------------------------------------CGQCQALLGDRCDAWGS-AVVRNCPAEPGQAHRARLTLPAGL----PGA-----GVFNRDAEIPRGVYFGPYEGEPASEEEALSSAHSWV-----------------------FVRCARDEQDQNLEAVQWQGKVFFRACRPIAPGSELRVWRTG--AAELGLLWDRLWDRK---------------------------------------------------------------------------------------------------------------------------------------------------------------------HRKTHAGEKVHHCAECG-SFSRAENLRVHQRIHTGEKLFRCDECGRSFSQSGSLTRHQRIHTGERPYRCGQCGKGFSLG---TTHIRIHTGERPYRCQYCDKSFNTVGYLRTHERFHSGDRRHRCEQCGKMFAQARDLSMHLRTHTGETPYSCSYCGKSFSFL-GTCGHERVHTGEKLYCCPDCGSSFSRAGDLKTHRRVHTGERPYVCPLCSKGFSQ--HLTKHLRIHTGERPYLCTQCGKSF-----LTRHQLIHTGERPFSCSQCGKSFRQLG-Y-AHQRIHTGEKPYHC-QCGKNFRDVRI-KTHLRSHTGLKPYCCQHCGKSFTRLYYL-IHQ--HLGAKPR---E-G-\\\""""";100way;0.226725082;12;no;5;
Gasterosteus_aculeatus;Stickleback;Gasterosteus aculeatus;Feb/06;Broad;gasAcu1;Fish;;;SET;1;0;NA;OK;" \------------------------------------------------------------------------------------------------------------------------------------------------------------------------------------------------------------WEEGLTLFQDQSNVNGP-SFILDFPTSPGLPQRALLTLPYGLMVGRSSIPNAGVGVINHGQTVSPGMHFGPYEGEESTRENAAASEFSWEIYKDKDEYEYIDAARESH-NWMRYINYARNKDETNLLAVQYKGSILFHCCRAIHPGDELTVW----------------------------------------------------------------------------------------------------KWKSKT-HE--MSHRTF--AALS--KQI--------------------------TQG---------SAY---CGKCFT-IZ----HMRCHTGEKPFSCSECG-SFAQNEHLKLHMRCHTGEKPFSCSQCGKCFTASGSLKTHMRCHTGEKPFSCSECGKYFTEK---K-HMRCHTGEKPFSCSECGNCFAQNEHLKLHMRCHTGEKPFSCSQCGKCF-----LKTHMRCHTGEKPFSCSECGKYFTAS----NHMRCHTGEKPFSCTECGNCFTARGNLKTHMRCHTGEKPFSCSECGNCFAQ--NLKKHMRCHTGEKPFSCSQCGKRF-ASGSLKNHMRCHTGEKPFSCSQCGNCFAQNEHL-VHMRCHTGEKPFSC-QCGKCFTASGS-KTHMRCHTGEKPFSCSQCGKRFPASGSL-THMRCHTGEKPFSC----K\\\""""";100way;0.405405405;12;no;2;
Petromyzon_marinus;Lamprey;Petromyzon marinus;Sep/10;WUGSC 7.0;petMar2;Fish;Jawless fish;WGS;KRAB-SSXRD-SET;5;1;NA;OK;" \------------------------------------------------------------------------------------------------------------------------------------------------------------------------------------YGLRQRERKVYTEVEEPQDDDFFFCELCRDFYLGECSVHGPPEFIADAAVAPGVADRARLSLPQGLTVGASSIAGAGLGVWSNRKKLPKGVMFGPYQGEV---EENPVSEYCWLIYKNKKDREYVDAQDESK-NWMRFVNCARNEQEQNLVAFQHRGQIYYRTFRAVGPGSELLVWYGEEFAQELGI-----------------------------PSSA-C--EHL--SH-SQSH-RTHTRE-LQVQC----------QSSNL-S-------QE-EK---P--K-RR----YRASZNAHRR----C-VRE-----FFR-DQRTHTGEKRALCVR--ILKNRETKC-VCEKAFTESSHL-KHQRMHTGEKPFKCSVCE--F-KSSTLHSHQRTHTGEKPFRCLLCDKAFAKSSDLRNHQRTHTGEKPFKC--CEKAFAQ----F-HQRTHKGEKPFKCTMCEK-FTEASHLKKHQRMHTGEKPFKCTVCEKAFTESSHLKEHRRMHTGEKPFKCSVCEK-IC-SSN-FRHKGTHTGEKPFRCLLCDK-ICKSSYLQKHQRTHIGENPFKCRVCEKAF-Q--DLQSHQRTHTEEKPFKCSVCEKAFA--SNLQRHKTTHTGEKP-KCTLCG-GVCT-SHLQSHQRTHTEEKPFKC-VCE-GIC-KSSLLIHERTHTGEKPFKCTMCEKAFAESS-L--HQRMHTGEKP-KC-VCG-\\\""""";100way;0.2956621;13;no;5;
Tursiops_truncatus;Dolphin;Tursiops truncatus;Oct/11;Baylor Ttru_1.4;turTru2;Laurasiatheria;Placental;RefSeq;KRAB-SSXRD-SET;1;0;0.939;OK;" \----------------------------------------------------------------------------------------------------------------------------------------------------------------------------------------------------------------------------------------------------------------------------------------------------------------------------------------------------------------------------------------------------------------------------------------------------------------------------------------------------------------------------------------------RSSGQGSKDRSSLTKHQRTHTGEKPYVCGECGRDFSLKSDLIRHQRTHTGEKPYVCGECGRDFSLKSGLISHQRTHTGEKPYVC----------------------------------------------------------------------------------VCGECGRDFSLKSGLITHQRTHTGEKPYVCGECGRDFSQKSNLITHQRTHTGEKPYVCGECGRD--RKSNLIRHQRTHTGEKPYVCGECGRDFSLKSGLISHQRTHTGEKPYVCGECGRDFSQKSGLIRHQRTHTGEKPYVCGECGRVITSKSNLITHQRTHTGEKPYVCGECGRDFSRKSSL--HQRTHTGEKPS-------\\\""""";100way;0.732283465;9;no;5;
Equus_caballus;Horse;Equus caballus;Sep/07;Broad;equCab2;Laurasiatheria;Placental;RefSeq;KRAB-SSXRD-SET;1;0;NA;FIX;" \-----------------------------------------------------------------------------------------------------KPSWVAFRVEQSKQQKRMRTAPLSNESRLKELSGTAKLLKTSSSEQVQKPVSPLGEASSSEQHSRRKLELRRKEVGVKMYSLRERKGHAYQEVSEPQDDDYLYCENCQNFFIDSCAAHGPPIFVKDSAVDKGHPNRSALTL-PGLRIRPSGIPEAGLGVWNEASDLPLGLHFGPYEGQITEDEEAANSGYSWLITKGRNCYEYVDGKDISWANWMRYVNCARDDEEQNLVAFQYHRQIFYRTCRVVRPGCELLVWYGDEYGQELGIKWGSKWKRELTAGREPKLEIHPCPSCSLAFSSQKFLSQHVERNHPSQILPGTSARNHLQPEDPSPGDQNQQQQHSDPHSWKDKAHSQEVKERSKPLLKKIRQRRIPRAFSYPPKGQMENFRMRERIMEEKPSIGRKVNPEDTGKLFLEMRMSRNVRVQYGGCGRGFN--------------------------------------------------------------------------------------------------------------------------------------------------------------------------------------------------------------------------------DRASLIKHQRTHTGEKPYVCRECEQGFTQKSSLIAHQRTHTGEKPYVCRECEQGFSEKSHLIRHQRTHTGEKPYVCRECEQGFSVKSNLIRHQRTHTGEKLZFCREGKZVITDKSRL--------------------\\\""""";100way;NA;0;yes;5;
Pteropus_vampyrus;Megabat;Pteropus vampyrus;Jul/08;Broad;pteVam1;Laurasiatheria;Placental;RefSeq;KRAB-SSXRD-SET;2;1;NA;OK;" \-----------------------------------------------------------------------------------------------------QPSWVAFGVEQSKHQK-------------------------------------------------------------------------------------------------------------------------------------------------------------------------------------------------------------------------------------------------------------------------------------------------------------------------------------------------------------------------------------------------------------------------------------------------------------------------------------------------------------------FTQKSHLITHQRTHSGEKPFVCRECERGFSEKSSLIKHQRTHSGEKPFVCRECERGFTRKSSLITHQRTHSGEKPFVCRECERGFTQKSSLIKHQRTHSGEKPFVCRECERGFTQKSSLIKHQRTHSGEKPFVCRECERG-YQKSSLIKHQRTHSGEKPFVCRECERGFTQKSSLITHQRTHSGEKPFVCRECERGFTQKSHLITHQRTHSGEKPFVCRECERGFSKKSNLITHQRTHSGEKPFVCRECERGFTQKSSL--HQRTHSGEKPFVGRECEZ\\\""""";100way;0.83908046;9;no;5;
Mustela_putorius_furo;Ferret;Mustela putorius furo;Apr/11;MusPutFur1.0;musFur1;Laurasiatheria;Placental;RefSeq;KRAB-SSXRD-SET;1;0;NA;OK;" \GSVSGPPEETPERDSGRTGRKPPAQDAFKDISVYFSKEEWTEMGDWEKIRYRNVKRNYEALITIGLRAPRPAFMCHRRQATIPRVDDTEDSDEEWTPRQQVRPSWVAFKMEQSKHQKGVPRAPLSNESSLKELSETAKLLNTSGSEHDQKPVSHPGEASTSGHHSLRKLELRRKDVEVKMYSLRERKSLAYQEVSEPQDDDYLYCEKCQNFFIDSCAVHGPPTFVKDSAVDKGQPNRSALTLPPGLRIRPSGIPQAGLGVWNEASDLPLGLHFGPYEGQITEDEEAANSGYSWLITKGRNCYEYVDGKDNSWANWMRYVNCARDDEEQNLVAFQYRRQIFYRTCRVIRPGCELLVWYGDEYGQELGIKWGSKWKSELTAEKEPKPEIHPCPSCTLAFSSQKFLSQHLERNHPSQILPRISAGEHFQPEDPCPGEQNHQQQHSDPQNWNDKAKGQDVKESFKPLLESIRQRKNSRAFPIPCEGQT-----YEGIVEEEPSTGQKLNPEETGKLFMGVGMSRIIRVKYRGSGQGFDD-----------------------------SHLSRHQRTHKEEKPSVGKEPRREFIHKSVLVTHQRTHTGEKPYVCRECGRGFTQ----------------------------------------------------------------------------------------------------------------RSHLIRHQR----EKPYVCRECGRG-YQRSNLITHHRTHTGEKPYVCRECGRGFTRRSNLIRHHRTHTGEKPYVCRECGRGFTWRSHLITHQRTHTGEKPYVCRECGRGFTWRSHLIRHQRTHTGEKPYVCRECGRGFTRRSNL--HQRTHTE-----------\\\""""";100way;0.489361702;5;no;5;
Pantholops_hodgsonii;Tibetan antelope;Pantholops hodgsonii;May/13;PHO1.0;panHod1;Laurasiatheria;;;KRAB-SSXRD-SET;1;0;NA;OK;" \MKLNRSPEESTEGDAGRTEWKPMAKDAFEDISVYFSKEEWEEMGEWEKIRYRNVKRNYEALIAIGFRATRPAFMHHRRQVIKLQVDDTEDSDEEWTPRQQGKPSSMAFRVEHNKPQKGMYRGPLNKVSSLKELPGAAKLLKTSGSKQAQKLVPPPRKARIPGQHPRQKVERKRTETGVKRYSLRERKGRVYQEVSEPQDDDYLYCEECQNFFINSCAAHGPPTFVKDCAVEKGHANRSALTLPPGLSIRLSGIPEAGLGVWNEASDLPLGLHFGPYEGQITDNEEAANSGCSWLITKGRNCYEYVDGKDTSLANWMRYVNCARDDEEQNLVALQYQGQIFYRTCQVVRPGCELLVWYGDEYGRDLGIKRDSSGKSELAAGREPKPEIHPCASCSLAFSSQTFLSQHVQRSHPSQTLLRPSARDHLQPEDPCPGNQNQQQRYSDPHSPSDKPEGLEAKDRPQPLLKSIRLKRISRASSYSPRGQMGASGVRERIT--EPSTSQKLNPEDTGKLLMGAGVSGIIKVKYGECGQGSKDRSSLITNQRTHTGEKPYVCRDCGRSFSDKSNLIRHQRTHTGEKPYVCRECGQSFSQKSVLITHQRTHTGEKPYVCRECGQSFSQKSVLITHQRTHTGEKPYVCRECGQSFSQKSVLITHQRTHTGEKPYVCRECGQSFSQKSVLITHQRTHTGEKPYVCREZGQSFSQKSVLITHQRTHAGEKPYVCRECGRSFSQKSVLITHQRTHAGEKPYVCRECGRS-----HRPGLQ--ZTGKGPPDEGVZGQGCZGR-----HQRTHTGEKPYVCREYERSFSNKSVLITQQRTHTGEKPYVCRECEZIVTN----------------------------------------------------\\\""""";100way;0.428571429;6;no;5;
Odobenus_rosmarus_divergens;Walrus;Odobenus rosmarus divergens;Jan/13;Oros_1.0;odoRosDiv1;Laurasiatheria;Placental;RefSeq;KRAB-SSXRD-SET;1;0;NA;OK;" \MNLNRSPEETPERDSGRTGWKPTARDAFKDISIYFSKEEWTEMGDWEKIRYRNVKRNYEALITIGLRAPRPAFMCHRRQAIKPQVDDTEDSDEEWTPRQQVRPSWVAFRMEQNKHQKGIPRAPSSNESSLKELSETAKLLNTSGSEQGQKPVSPPGEASTSGHHSLQKLELRRKDIEVKMYSLRERKSLAYQEVNEPQDDDYLYCEKCQNFFIDSCAVHGPPTFVKDSAVDKGQPNRSALTLPPGLRIRPSSIPQAGLGVWNEASDLPLGLHFGPYEGQITEDEEAANSGYSWLITKGRNCYEYVDGKDNSWANWMRYVNCARDDEEQNLVAFQYHRQIFYRTCRVIRPGCELLVWYGDEYGQELGIKWGSKWKSELTAGKEPKPEIHPCPSCSLAFSSQKFLSQHLERNHPSQIFPQISAREYFQPEDPCPGDQNQQQQHSDPQSWSDKAKGQEVKESFKPLLKSVRQRRISRAFSTPSKGQTGSSAVCEGMVDEEPSTGQKLNPEETGKLFMGVGMSRIIRVKYRGCGRGFNDRSHLSRHQRTHKEEKPSVCKDLRR-FSHKSVLITHQRTHTGEKPYVCRECGRGSTQRSHLITHQRTHTGEKPYVCRECGRGFTQRSHLITHQRTHTGEKPYVCRECGRGFTRRSLLSTHQRTHTGEKPYVCRECGRGFTRRSLLSTHQRTHTGEKPYVCRDCGRGFTQRSLLSTHQRTHTGEKPYVCRECGRGF--------------------RR---------SHLNRHQRTHTGEKPYVCRDCGRGFTQRSHLSTHQRTHT------------GFTNKLHL----------------------------------------------------------------------------\\\""""";100way;0.320754717;6;yes;5;
Bos_taurus;Cow;Bos taurus;Oct/11;Baylor Btau_4.6.1;bosTau7;Laurasiatheria;Placental;RefSeq;KRAB-SSXRD-SET;6;1;0.684;OK;" \MRPNTSPEESTERDAGRTEWKPTAKDAFKDISVYFSKEEWEEMGEWEKIRYRNVKRNYEALIAIGFRATRPAFMHHRRQVIKLQADDTEDSDEEWTPRQQGKLSSMAFRVEHNKHQNTMSRAPLSKEFSLKELPGAAKLLKTSGSKQAQKLVPPPGKARTPGQHPRQKVELRRKETEVKRYSLRERKGHVYQEVSEPQDDDYLYCEECQDFFIDSCAAHGPPIFVKDCAVEKGHANRSALTLPPGLSIRESSIPEAGLGVWNEVSDLPLGLHFGPYEGQITDDEEAANSGYSWLITKRRNCYEYVDGKDTSLANWMRYVNCARDDEEQNLVALQYHGQIFYRTCQVVRPGCELLVWYGDEYGQDLGIKRESSRKSELAGPRESKPKIHPCASCSLAFSSQKFLSQHVQHNHPSQTLLRPSARDYLQPEDPCPGSQNQQQRYSDPHSPSDKPEGREVKDRPQPLLKSIRLKRISRASSYSPRGQMGASGVHERIT--EPSTSQKPNPEDTGKLFMGAGVSGIIKVKYGECGQGSKDRSSLITNQRTHTGEKPYVCGECGQSFNQKSTLITHQRTHTGEKPYVCGECGRSFNQKSTLITHQRTHTGEKPYVCGECGRSFSQKSTLIKHQRTHTGEKPYVCGECGQSFNQKSTLITHQRTHTGEKPYVCGECGQSFNQKSTLITHQRTHTGEKPYVCGECGRSFSRKSTLITHQR-------------------------------------------------------------------------------------------------------------------------------------------------------------------------HTEEKPYVCRECEZ\\\""""";100way;0.5;5;no;5;
Ailuropoda_melanoleuca;Panda;Ailuropoda melanoleuca;Dec/09;BGI-Shenzhen 1.0;ailMel1;Laurasiatheria;Placental;RefSeq;KRAB-SSXRD-SET;1;0;NA;OK;" \MSLNTSPEETPERDSGRTGWKPTAKDAFKDISIYFSKEEWTEMGDWEKIRYRNVKRNYEALITIGLRAPRPAFMCHRRQAIKPQVDDTEDSDEEWTPRRQVRPSWVAFRMEQSKHQRGIPRAPLRNESSLKELSETAKLLNTSGSELGQKPVSLPGEASTSGHDSLQKLGFRRKDVEVKMYSLRERKSLAYQEVSEPQDDDYLYCEKCQNFFIDSCAVHGPPTFVKDSAVDKGQPNRSALTLPPGLRIRPSGIPQAGLGVWNEASDLPLGLHFGPYEGQITEDEEAANSGYSWLITKGRNCYEYVDGKDNSWANWMRYVNCARDEEEQNLVAFQYHRQIFYRTCRVIRPGCELLVWYGDEYGQELGIKWGSKWKSELAAGKEPKPEIHPCPSCSLAFSSQKFLSQHLEHNHPSQILSRKSASEHFQQEDPCPGHQNQQQQHSDPHRWNDKAKGQEVKERFKPLLKSIRQRRISRAFSSPCKGQTRSSTVCEGMVEEEPSAGQKLNPEETGKLFMGVGMSGIIRVKYRGCGRDFS--------------------------------------------------------------------------------------------------------------------------------------------------------------------------------------------------------------------------------DRSHQSGHQRRHQ-KKPSVCKKVKREFSHKSVLITHQRTHTGEKPYVCRECGRGFTQRSNLIRHQRTHTGEKPYVCRECGRGFTQRSNLIRHQRTHTGEKPYVCRECGRGFTQRSSL--HQRTHTGEKPYVCRECGR\\\""""";100way;NA;0;no;5;
Camelus_ferus;Bactrian camel;Camelus ferus;Dec/11;CB1;camFer1;Laurasiatheria;Placental;RefSeq;KRAB-SSXRD-SET;1;0;NA;FIX;" \MSPDRSSEESTEGDAGEREWKPTGKDAFKDISIYFSKEEWTEMGEWEKIRYRNVKRNYEALITIGLRAPRPAFMCHRRKAIKPQVDDTEDSDEEWTPRQQVKTSWVDFRAEHSRHKKGMPRGPLSNQSSLKELSGTAKPLKTSGSEQAQKPFPPLGEASTSGRHSRQKLELRRKESQVKTYSLRERKGHAYQEVSEPQDDDYLYCEKCQNFFIDSCAAHGPPTFVKDSAVERGHPNRSALTLPPGLRIGPSGIPEAGLGVWNEASDLPLGLHFGPYEGQITEDEEAANSGYSWLITKGRNCYEYVDGKDKSWANWMRYVNCARDDEEQNLVAFQYHRQIFYRTCRVVRPGCELLVWYGDEYGQELGIKWGSQWKREHTTGQEP---IYPCPSYSVAFSSQKFLSQHVKHNHPSQILPRTAAGRHLEPEDPCPGNQNQQQQHSDQHSWNDKPEGQEVKERSKPFLKRIRLRRISGAFSYSHKGQMGNSRVHDRMMEEEPSTGQKVNSKDTGKLFTWAGVSRTVEVKYGEYGQGSKDTSHLTTHQRTHTGEKPYVCRECGRGFTRKSNLTRHQRTHTGEKPYVCREGGRGFTRKSNLTIHQRTHTGDKPYVCREGGRGFTR--------------------------------------------------------------------------------------------------------------------------------------------KSNLTRHQRTHTGEKPYACTACGRGFTRKSNLTRHQRTHTGEKPYVCRECGRGFTQKSNLTIHQRTHTGEKPYVCKEGEZVITN----------------------------------------------------\\"" 100way""";NA;0;;no;5;
Vicugna_pacos;Alpaca;Vicugna pacos;Mar/13;Vicugna_pacos-2.0.1;vicPac2;Laurasiatheria;Placental;RefSeq;KRAB-SSXRD-SET;1;0;NA;OK;" \MSPDRSSEESTEGDAGEREWKPTGKDTFKDISIYFSKEEWTEMGEWEKIRYRNVKRNYEALITIGLRAPRPAFMCHRRKAIKPQVDDTEDSDEEWTPRQQVKTSWVAFRAEHSRHKKGMPRGPLSNQSSLKELSGTAKPLKTSGSGQAQKPFPPLGEASTSGRHSRQKLELRRKESQVKMYSLRERKGHAYQEVSEPQDDDYLYCEKCQNFFIDSCAAHGPPTFVKDSAVERGHPNRSALTLPPGLRIRPSGIPEAGLGVWNEASDLPLGLHFGPYEGQITEDEEAANSGYSWLITKGRNCYEYVDGKDKSWANWMRYVNCARDDEEQNLVAFQYHRQIFYRTCRVVRPGCELLVWYGDEYGQELGIKWGSQWKREHATGQEP---IYLCPSCSLAFSSQKFLSQHVKHNHPSQILPRTAAGRHLEPEDPCPGNQNEQQQHSDQHSWNDKPEGQEAKERSKPFLKRIRLRRISGAFSYSHKGQMGNSRVHDRMIEEEPSTGQKVNPKDTGKLFTWAGVSRTVEVNYGEYGQGCK--------------------------------------------------------------------------------------------------------------------------------------------------------------------------------------------------------------------------------DTSHLTTHQRTHTGEKPYVCRECGRGFTRKSNLTIHQRTHTGEKPYVCRECGRGFTRKSHLTIHQRTHTGEKPYVCRECGRGFTQKSALTTHQRTHTGEKPYVCRECGRGFTQKSHL--HQRTHTGEKPYVCKEGEZ\\\""""";100way;NA;0;no;5;
Capra_hircus;Goat;Capra hircus;May/12;CHIR_1.0;capHir1;Laurasiatheria;;;KRAB-SSXRD-SET;1;0;NA;OK;" \MSPNRSPEKSTEGDAGRTEWKPM-----KDISIYFTKEEWAEMGEWEKVQYRNVKRNYKALIAIGFRATQPAFMHHCRQVIKPQVDDTEDSEEEWTPRQQGKPSGMAFRGEPSKHQKRLSRGPLNKVSSLKKLPGAAKLLKKTGSKQAQKPVPPPREARTPGQHPRHKVELRRKETEVKRYSLRERKGHVYQEVSELQDDDYLYCEECQNFFIDSCAAHGPPTFVKDSAVEKGHANRSALTLPPGLSIRPSGIPEAGLGVWNEASDLPLGLHFGPYEGQIIYNEEASHSGYSWLVTKGRNSYEYVDGKDTSLANWMRYVNCARDDEEQNLVALQYHGQIFYRTCQVVRPGCELLVWYGDEYGEELGIKQDSRGKSKLSAQREPKPKIHPCASCSLSFSSQKFLSQHVQRSHPSQILLRPSARDHLQPEDPCPGKQNQQQRYSDPHSPSDKPEGQEPKERPHPLLKGIRLKRISMASSYTPKGQMEGSEVHEKMT--EPSTSQKLSPENTGKLFMEAGVSGIVRVKYGEHEQGSKDKSSLNTHERIHTGEKPYVCKECGKSFNGRSNLTRHKRTHTGEKPYVCGECGRSFSLKTSLITHQRTHTGEKPYVCRECGQSFSEKSNLTRHKMTHTGEKPYVCGECGQSFSLKSILITHQRTHTGEKPYVCRECGQSFSEKSNLTRHKMTHTGEKPYVCGECGQSFSLKSILITHQRTHTGEKPYVCGECGQSFNQKPHLIKHQRTHTGEKPYVCRECGRS--AMSNLIRHQRTHTGEKPYVCRECGQSFSQKPNLIRHHRTHTGEKSYVCGECGQSFSLKASLITHQRTHTGEKPYVCRECGRS--SMSNLIRHQRTHTGEKPYVCRECGRSFSAMSNL--HQRTHTGEKPYVCTECEZ\\\""""";100way;0.399092971;12;no;5;
Ovis_aries;Sheep;Ovis aries;Aug/12;ISGC Oar_v3.1;oviAri3;Laurasiatheria;Placental;RefSeq;KRAB-SSXRD-SET;4;1;0.615;OK;" \MSPNRSPEKSTEGDAGRTEWKPMAKDAFKDISIYFTKEEWAEMGEWEKVQYRNVKRNYKALIAIGFRATQPAFMHHHRQVIKPQVDDTEDSEEEWTPRQQGKPSGMAFRGEPSKHQKRLSRGPLNKVSSLKKLPGAAKLLKKTGSKQAQKPVPPPREARTPGQHPRHKVELRRKETEVKRYSLRERKGHVYQEVSELQDDDYLYCEECQNFFIDSCAAHGPPTFVKDSAVEKGHANRSALTLPPGLSIRPSGIPEAGLGVWNEASDLPLGLHFGPYEGQVIYNEEASHSGYSWLVTKGRNSYEYVDGKDTSLANWMRYVNCARDDEEQNLVALQYHGQIFYRTCQVVRPGCELLVWYGDEYGEELGIKQDSRGKSKLSAQREPKPKIHPCASCSLSFSSQKFLSQHVQRSHPSQILLRPSPRDHLQPEDPCPGKQNQQQRYSDPHSPSDKPEGQEPKERPHPLLKGIRLKRISTASSYTPKGQMGGSEVHEKMT--EPSTSQKLNPENTGKLFMEAGVSGIVRVKYGEHEQGSKDKSSLITHER-----------------------------HTGEKPYVCKECGKSFNGRSNLTRHKRTHTGEKPYVCRECGQSFSLKSILITHQRTHTGEKPYVCGECGQSFSEKSNLTRHKRTHTGEKPYVCRECGQSFSLKSILITHQRTHTGEKPYVCRECGRSFSVKSNLTRHKMTHTGEKPYVCGECGQSFSQKPHLIKHQRTHTGEKPYVCRECGRS--AMSNLIRHQRTHTGEKPYVCRECGRSFSAMSNLIRHQRTHTGEKPYVCREC-----LKASLITHQRTHTGEKPYVCRECGRS--SKSNLTRHKMTHTGEKPYVCGECGQSFSQKPHL--HQRTHTGEKPYVCTECEZ\\\""""";100way;0.383419689;11;yes;5;
Ceratotherium_simum;Rhinoceros;Ceratotherium simum;May/12;CerSimSim1.0;cerSim1;Laurasiatheria;Placental;RefSeq;KRAB-SSXRD-SET;1;0;NA;FIX;" \MSSAGSPEESPEGDAGRSGRRPPAEDAFKDISTYFSKDEWTGMGDWEKRRHRNVKRNYEALIAIGLRAPRPAFMCHRRQAVKRREDDAEDSDEEWTPRQQVKPSWVAFRVEQSKQQKGMPRVPLSNESSLKELSETAKLQKTSDSEQVQKPVSPPREASTSGQLSRRKLELRRKEVEVKMYSLRERKGHAYQEVSEPQDDDYLYCEKCQNFFIDSCAAHGPPTFVKDSAVDKGHPNRSALTLPPGLRIRPSGIPEAGLGVWNEASDLPLGLHFGPYEGQITEDEEAANSGYSWLITKGRNCYEYVDGKDKSWANWMRYVNCARDDEEQNLVAFQYHRQIFYRTCRVVRPGCELLVWYGDEYGQELGIKWGSKWKRELTAGREQKPEIHPCPSCSLAFSSQKFLSQHVERNHPSQILPGTSARKQLQPKDPCTGDQNQQQQHSDPPSWKNKAQGQEVKEKSKPLLKQIRQRRISRAFSYPPKGQMGNSRICERIMEEEAGIGWKVDPEDTGKLFLGKGMSRIVRVKYGGDGQGFKYRSSLITHQRTHTGEKPYVCRECGRGF-------------------------------------------------------------------------------------------------------------------------------------------------------------------------------------------------------------------EKPCVCRECGRGFTEKSSLLRHQRTHTGEKPYVCSVCGRGFSEKSNLLTHQRTHTGEKPCVC---------------------------------------------------------EGEZ\\\""""";100way;NA;0;no;5;
Orcinus_orca;Killer whale;Orcinus orca;Jan/13;Oorc_1.1;orcOrc1;Laurasiatheria;Placental;RefSeq;KRAB-SSXRD-SET;1;0;NA;FIX;" \MSTDRWPEDSTEGDAGRTAWKPTAKDAFKDISIYFSKEEWTEMGEWEKIRYRNVKKNYEALVTLGLRAPRPAFMCHRRQAIKAQVGDPEDSDEEWTPRQQVKPSWVAFRVEHSKHQKAVPPVPLSNESSLKKLPGAAQLQKASGPAQAQSPAPPPGAASTSAWRTRQKLERRAKQIEVKMYSLRERKGHVYQEVSEPQDDDYLYCEKCQNFFIDSCAAHGAPTFVKDSAVEKGHPNRSALTLPPGLSIRPSGIPEAGLGVWNEASDLPLGLHFGPYEGQITEDEEAANSGYSWLITKGRNCYEYVDGKDTSWANWMRYVNCARDEEEQNLVAFQYHRQIFYRTCRVVRPGCELLVWYGDEYSQELGIPWGSGWKSQLAAGRDPKPKIHPCGSCSLAFSSQKILSQHVECSHPSQVLPRTSARDRVQPEDPCPGYQNRQQQYSDPHSWSNKPEYQEVKERSKPLLKRIRLGRISKAFSSSPKGQMGSSRAHEKMMEAGPSTGQKVNPEATGKLLIGAGVSRVVKVNYRSSGQGSK-----------------------------------------------------------------------------------------------------------------------------------------------------------------------------------------------------RSSLTKHQRTHTGEKPYVCGECGRD--YKSELIRHQRTHTGEKPYVCGECGRDFSQKSNLITHQKTHTGEKPYVCGECGRDFSQKSNLIRHQRTHTGEKPSVCREGEGVITNKPH-------------------------------------------------\\\""""";100way;NA;0;no;5;
Pteropus_alecto;Flying fox;Pteropus alecto;Aug/12;ASM32557v1;pteAle1;Laurasiatheria;Placental;RefSeq;KRAB-SSXRD-SET;1;0;NA;OK;" \MTPDRSPEEAPEGDTRRTGCKPKAKDAFKDISIYFSKEEWTEMGDWEKIRYRNVKRNYDALQAIGLRAP-PAFMCRRRQAIKPQVNDSEDSDEEWTPRQQVQPSWVAFGVEQSKHQKAMPRVPLSNEPSLKELSVIANLLKASGSEQDQKPVFPPGKASASRQHSRQKLGLRRKGVEVKMYSLRERTGRVYQEVSEPQDDDYLYCEKCQNFFIDSCAAHGSPIFVKDSEVDIRHPNRSALTLPPGLRIGPSGIPEAGLGVWNEASDLPLGLLFGPYEGQVTEDEEAANSGYSWLITKGRNCYEYVDGKDESRANWMRYVNCARDDEDQNLVA--------------------------------------------------PKPAIHPCPSCSLAFSGQKFLSQHMKRSHPSQSLPGISARKHLQSKEPHPEDQSQQ--HNDPRSWNDKAEGQEVKERSKPLLERNRQRKIFRAFSKPPKGQMGSPRECEQMMEAEPSTSQKVNPENTGKSSVGVGASRIVIVKYGGCEHGFDDGSHLIMHQRTHSGEKPFVCSECERGFTQKSHLIMHQRTHSGEKPFVCRECERGFNEKSSLTMHQRTHSGEKPFVCRECERGFNEKSSLTMHQRTHSGEKPFVCRECERGFNEKSSLTMHQRTHSGEKPFVCRECERGFNEKSSLTMHQRTHSGEKPFVCRECERGFNEKSSLTMHQRTHSGEKPFVCRECERGFNEKSSLTMHQRTHSGEKPFVCRECERG-QEKSSLTMHQRTHSGEKPFVCRECERGFNEKSSLTMHQRTHSGEKPFVCRECERGFTQKSHLITHQRTHSGEKPFVCRECERGFTRKSYLITHQRTHSGEKPFVGRKCVRGF--KSSL--HQKTHSGEKPFVGRECEZ\\\""""";100way;0.7;11;no;5;
Felis_catus;Cat;Felis catus;Sep/11;ICGSC Felis_catus 6.2;felCat5;Laurasiatheria;Placental;RefSeq;KRAB-SSXRD-SET;1;0;NA;OK;" \TSPLRFPEQSAERGSRKARWKPTAKDAFKDISIYFSKEEWTEMGDWEKIRYRNVKRNYEALMTIGLRAPRPAFMCHRRQAIKPQVDVTEDSDEEWTPRQQVKPSWVASRVDQNKQHKGTHRVPLSKESSLKDFSETAKLLNTSGSEQGQKPVSLPGEASTSGHHSRRKLELRRKEIGVKMYSLRERKGFAYQEVSEPQDDDYLYCEKCQNFFIDSCAVHGPPTFVKDNAVGKGHPNRSALTLPPGLRIRPSSIPEAGLGVWNEASDLPLGTHFGPYEGQITEDEEAANSGYSWLITKGRNCYEYVDGKDNSWANWMRYVNCARDDEEQNLVAFQYHRQIFYRTCRVIRPGCELLVWYGDEYGQELGIKWGSKWKSELSTGKEPQPDIHRCPSCSLAFSSQKFLSQHVECKHSSQSLPQISARKHFQPENPCPGDQNQQQQHSDPHSWNDKAKCQEVKERSRPLLKSIKQRRISRAFSTPCKGQMGSSRVCEGMVEEGPSMGQNLNSEDTGKLFMGVGMSRIVRIKNRGCEQGFNDRSHFSRHQRTHKEEKPSVCNEFRRDFSHKSALITHQRTHTGEKPYVCRECGRGFTQRSNLFRHQRTHTGEKPYVCRECGRGFTQRSDLFTHQRTHTGEKPYVCRECGRGFTRRSNLFTHQRTHTGEKPYVCRECGRGFTRRSHLFTHQRTHTGEKPYVCRECGRGFTQRSNLFTHQRTHTGEKPYVCRECGRGFTQRSDLFRHQRTHTGEKPYVCRECGRG-YQRSHLFTHQRTHTGEKPYVCRECGRGFTQRSNLFRHQRTHTGEKPYVCRECGRGFTWRSNLFTHQRTHTGEKPYVCRKDGQGFTNKLHL------------------------------------------------\\\""""";100way;0.906666667;9;no;5;
Condylura_cristata;Star nosed mole;Condylura cristata;Mar/12;ConCri1.0;conCri1;Laurasiatheria;Placental;RefSeq;KRAB-SSXRD-SET;1;0;NA;OK;MAAVGVTALRLGVTGSRGSSASFKGHADPGRGDGGREPQAHRRRSGNGGKGRTWACKAPSTPTRKQKPEGGRGDSAPSARPRFEGPGTPKTEPVLTPRFPAAPEDPQPPWSVPFARASEHQGAPARLLTSLDGEHGSPAGVSSGLGGPGTLPAMSPVGPRAVSPEEEAPGCKPAEDAFRDIARHFSKAEWAAMGRWEKLRYRNLKRNYQALLALGLRAPRPAFMCRRRLALRPQGEDTEDSDEEWTPRQQVKHPWVVTFRAEQSKHQKGLSRAAGSNEPSLQVTSGIAALLNTSGSERAQKPVNLPKEANTSRQRSRQKLQLRRKKPDVKTYALRERKGHAYQEVSEPQDDDYLYCENCQNFFVDSCATHGPPTFVKDNEVDKGLPERSALTLPPGLRIGPSSIPKAGLGVWNDASDLPLGLHFGPYEGHVTEDEEAANSGYSWLITKGRNCYEYVDGEDKSQANWMRYVNCARDEEEQNLVAFQYHRQIFYRTCRVVRPGRELLVWYGDEYGRELGIKWGSNWKRARLAGREPKPEIHPCPSCSLAFSTEKFLNQHVRHHLPAQTFSGTSVRKHRQSEDHQNRQQPHAGPHSMNDELQKQCITERPKPLPKKIRQKVPKAFSNLPTGQKRSSREHEKVMEEEPSTDQKENPNTGRFTGVGLSITVTGECGGSGRGVHDQSHLITHQRTHTGEKPXVCRECGRGFSLKSTLIRHQRTHTGEKPCVCRVSYYQ;baker;NA;0;no;5;
Erinaceus_europaeus;Hedgehog;Erinaceus europaeus;May/12;EriEur2.0;eriEur2;Laurasiatheria;Placental;RefSeq;KRAB-SSXRD-SET;1;0;NA;OK;MSLEKPQEERPEEDTGRTERKLMIKDAFKDISIYFSKKEWTEMGDWEKIRYRNVKRNYEKLITIGLRAPRPAFMCHRRQATKSKLDDTEDSDEEWTPRQQVKPSWMIFRVEKSKHQKGVLKQPVHSESSFKELSETANLLNTSDSEQAQKPVSPLEEAVATGQHSKKKMEFRRKETLVKMYSLRERKDHAYQEVSEPQDDDYLYCETCQNFFIDSCAVHGSPVFIKDKAVDKGHPDRSALTLPPGLTIRPSGIPEAGLGIWNEGSDLPVGVHFGPYEGQITDDEEAANSGYSWLITKGRNCYEYVDGENKSWANWMRYVNCARNDEEQNLVAFQYHRQIFYRTCRVIQPGCELLVWYGDEYGQELGIKWGSKWKKELTAEQESKSEIHLCPSCSLAFSAQKFLNQHVKHSHPSQILPGTSTRKQPQVENPCLSNQNQQKQHSNFQNQHDSTESQEAIEKFKPLLKMIKQKTISNGFSKLPKEQIGSSREHEKTKEEESNSCQKMNPEDTSELLVGLGMSRIVRDKYEGSGKNYYDMSHIITHQKTHTGEKPHVCKECGRGFSEKSSLIAHQRTHTGEKPHVCREECGRGFSEKSNLIRHQRTHTGEKPYVCRECGQGFSQKSHLITHQRTHTGEKPHVCKKDI;baker;NA;0;no;5;
Sorex_araneus;Shrew;Sorex araneus;Aug/08;Broad;sorAra2;Laurasiatheria;Placental;RefSeq;KRAB-SSXRD-SET;1;0;NA;OK;SKDAFKDISMYFSKEEWAEMGDWEKIRHRNVKRNYEELISIGLRAARPAFMSHRRQAIKTQLDDTEESDEEWTPNQQVKSLRVAFRAEQSKHQKGRSRTPISNESSSKELSGTRTLLNTKCTKQAQKPLFPPGEASTSGHYSKPKLELRRKEPEVKMYSLRERKGRAYQEVSEPQDDDYLYCENCQNFFINKCSAHGSPIFVKDNAVAKGHSNRSALTLPHGLRIGPSGIPEAGLGIWNEASDLPLGLHFGPYEGQITNDEEAANSGYSWLITKGRNCYEYVDGVDESLANWMRYVNCARDYEEQNLVAFQYHRQIFYRTCRIIKPGCELLVWYGDEYGQELGIKWGSKWKSELTADKDLCSGQNQSQRSIRVPAALSPSLIRNSSVVTWNTVIPL;baker;NA;0;no;5;
Sus_scrofa;Pig;Sus scrofa;Aug/11;SGSC Sscrofa10.2;susScr3;Laurasiatheria;Placental;RefSeq+WGS;KRAB-SSXRD-SET;1;0;0.542;OK;MYSLRERKGHAYQEVGEPQDDDYLYCEKCQNFFIDSCAAHGPPTFVKDSAVDKGHPNRSALTLPPGLRIRPSGIPEAGLGVWNEAHDLPLGLHFGPYEGQVTEDEEAANSGYSWLITKGRNCYEYVDGKDKSWANWMRYVNCARDDEEQNLVAFQYHRQIFYRTCRVVRPGCELLVWYGDEYGQELGIKWGSKWKKELTAGITAGPAEPKPKIHPCPSCSLAFSSQRFLSQHVERSHPSQSLPRASARRGLQPEGPCPDNQQQQQPYPDPHSWDGTSESQDVKEGSKPFLERRRLRKTSRASSYAPEGQMRSSRVRERMTEEEPSAGQKVNPEDTGTLFTVAGESGILRVENRGYGPDSGLTRHPRTHTGEKPHVCSECGRGFSVKSHLIRHQRTHTGEKPYVCRECGRGFSVKSHLIRHQRTHTGEKPYVCRECGRGFSVKSSLITHQRTHTGEKPYVCRECGRGFSVKSHLIRHQRTHTGEKPYVCRECGRGFSEKSSLVTHQRTHTGEKPFVCRECGRGFSVKSSLVTHQRTHTGEKPYVCRECGRGFSVKSNFITHQRTHTGEKPYVCRECGRGFSEKSSLVTHQRTHTGEKPYVCREGE;baker;0.542168675;8;yes;5;
Canis_lupus_familiaris;Dog;Canis lupus familiaris;Sep/11;Broad CanFam3.1;canFam3;Laurasiatheria;;;NO;0;NA;0;OK;NA;NA;NA;0;yes;1;
Eptesicus_fuscus;Brown bat;Eptesicus fuscus;Jul/12;EptFus1.0;eptFus1;Laurasiatheria;Placental;RefSeq;KRAB-SSXRD-SET;1;0;NA;OK;MQSAEGEDPLQQIGAAALRGLRAPRPAFMCHRRRTSKPPAEDAEDSDEEWTPRQRVKPSWVAFRVEQNKHQKAKSRAPLSNESSLKESSGTANLLTSSGSEQAQKPVPPSGEASTSGQHPRRKLDTRKKEIEVKMYSLRERKGRFYQEISEPQDDDYLYCEKCQNFFIDSCAVHGPPTFVKDSAVDKGHANRSALTLPPGLRIGPSGIPAAGLGVWNEECDLPVGLHFGPYEGQITEDEVSANSGYSWLITRGRNCYEYVDGKDESQANWMRYVNCARDDEEQNLVAFQYHRQIFYRTCQVVRTGCELLVWYGEEYGQEXWASSGAASGRQSLWPGENQSQRSTHVPPALWPSPVKHSSANMXNAITPLRLCQGHLQDNTASQRNPAQSVRISSSSILVHMPGMTKLEVKRSKEGPHLCLKGSDRGEFQGPLSSLPTDKRGAPVSVRE;NA;NA;0;no;5;
Leptonychotes_weddellii;Seal;Leptonychotes weddellii;Mar/13;LepWed1.0;lepWed1;Laurasiatheria;Placental;RefSeq;KRAB-SSXRD-SET;1;0;NA;OK;RPSWVAFRMEQNKHQKGIPRAPLSNESSLKELSETAKLLNTSGSEQGQKPVSPPGEESTSGHHSLQKLELRRKDVEVKMYSLRERKSLAYQEVNEPQDDDYLYCEKCQNFFIDSCAVHGPPTFVKDSAVDKGQPNRSALTLPPGLRIRPSSIPQAGLGVWNEASDLPLGLHFGPYEGQITEDEEAANSGYSWLITKGRNCYEYVDGKDNSWANWMRYVNCARDDEEQNLVAFQYHRQIFYRTCRVIRPGCELLVWYGDEYGQELGIKWGSKWKSELTAGKGDNAYNTGSCVNIFLTKNFLFQQNQSQRYIHVLPALWPSPVRNSSANIWNAIILLRSSHKYPQENISNQRIPAQAIRISSGSNILIRRAGVTKLKAKRSKKVSNLCLKV;NA;NA;0;no;5;
Myotis_davidii;Davids Myotis bat;Myotis davidii;Aug/12;ASM32734v1;myoDav1;Laurasiatheria;Placental;RefSeq;KRAB-SSXRD-SET;1;0;NA;OK;CEKCKNFFIDSCGVQGTSTFVKDSAMDKGSGIPAAGLGVWNEECDLLVGLHFGPYEGQITEDKDTASNGYSLLITKGRKCYEYVDGKDTSQANWMWYVNCAPNGEEQNLVAFQYHRQIFYXTCKVIKAGCELLVWYGEEYGQVLGIKWGRKWKKDLEVGR;NA;NA;0;yes;5;
Myotis_lucifugus;Microbat;Myotis lucifugus;Jul/10;Broad Institute Myoluc2.0;myoLuc2;Laurasiatheria;Placental;RefSeq;KRAB-SSXRD-SET;3;1;0.524;OK;KPSSVAFRVEQNKHQKAKSRAPLSNESSLKELSGTANLLTTSGSEQTQKTVPPPGEASTSGQHPRSKLDLRRKEIEVKMYSLRERKCRVYQEISEPQDDDYLYCEKCQNFFIDSCAVHGPPTFVKDSAVDKGHANRSALTLPPGLRIGPSGIPEAGLGVWNEEYDLPVGLHFGPYEGQITEDEAIANSGYSWLITKGRNCYEYVDGKDTSQANWMRYVNCARDDEEQNLVAFQYHRQIFYRTCRVVRKGCELLVWYGEEYGQELGIKWGSKWKTELVAGREPKPEIHPCPSCSVAFSSQTFLSQHVKRNHPSEILPGAPAGNRLQSEEPGPERQNQQQQQQTGPHDWNDKAEGQEVKGRSKPLLKRIRQRGTSRASFRPPXGQMGSSSEREGIMEEEPSTGQNVNHKNTGKLFAGVKRSKILTIKHGGCGQGFNDGSHIDTHQRTHSGEKPYVCRECGRGFTRKSHLIRHQRTHSGEKPYVCRECGRGFTEKSTLITHQRTHSGEKPYVCRECGRGFTMKSDLTRHQRTHSGEKPYVCRECGRGFSKEVNLITHQRTHSGEKPYVCRECGRGFTHKSTLITHQRTHSGEKPYVCRECGRGFTHKSTLIRHQRTHSGEKPYVCRECGRGFTHKSTLIIHQRTHSGETPYVCRECGRGFTDKSHLIRHQKTHSGEKSGLYKCMECGKCFKRNSSLILHHRTHTGEKPYTCNECGKSFSKNYNLIVHQRIHTGEKPYKCSKCGKAFSDGSALTQHQRIHTGEKPYECLECGKTFNRNSSLILHQRTHTGEKPYRCNECGKPFTDISHLTVHLRIHTGEKPYECSRCGKAFRDGSYLTQHERTHTGEKPFECVECGKSFNRNSHLIVHQKIHSGEKPYECQECGKTFIESAYLIRHQRIHTGEKPYGCDQCQKLFRNIAGLIRHQRTHTGEKPYECSRCGKAFRDSSCLTKHQRIHTKETPYQCPECGKSFKQNSHLAVHQRLHSREGPSQCPQCGKMFRRSSALVRHQRTHPGEQPVEA;NA;0.310210064;20;yes;5;
Pongo_pygmaeus_abelii;Orangutan;Pongo pygmaeus abelii;Jul/07;WUGSC 2.0.2;ponAbe2;Primate;Placental;RefSeq;KRAB-SSXRD-SET;1;0;NA;OK;" \MSPERSQEESPEDDTERTERKPTVKDAFKDISIYFTKEEWAEMGDWEKTRYRNVKRNYNALITIGLRATRPAFMCHRRQAIKLQVDDTEDSDEEWTPRQQVKPPWMALRVEQRKHQKGMPKASFNNESSLKELSETANLLNASGSEQAQKPVSPPGEASTSGQHSRLKLELRSKETEGNTYSLRERKGHAYKEISEPQDDDYLYCEMCQNFFIDSCAAHGPPTFVKDSAVDKGHPNRSALTLPPGLRIGPSGIPQAGLGVWNEASDLPLGLHFGPYEGRITKDEEAANNGYSWLITKGRNCYEYVDGKDKSWANWMRYVNCARDDEEQNLVAFQYHRQIFYRTCRVIRPGCELLVWYGDEYGQELGIKWGSKWKKELMAGREPKPEIHPCPSCCLAFSSQKFLSQHVERNHSSQNFPGPSARKLLQPENPCPGDQNHEQQYSDPRSCNDKTKGQEIKERSKLLNKRTWQREISRAFSSPPKGQMGSCRVGKRIMEEESRTGQKVNPGNTGKLFVGVGISRIAKVKYGECGQGFSVKSDVITHQRTHTGEKPYVCRECGRGFSRQSVLLIHQRTHTGEKPYVCRECGRGFSRRSVLLIHQRTHTGEKPYVCRECGRGFSQQSVLLIHQRTHTGEKPYVCRECGRGFSRRSVLLIHQRTHTGEKPYVCRECGRGFSWKSVLLRHQRTHTGEKPYVCRECGRGFSQQSVVFIHQRTHTGEKPYVCRECGRGFSGKSVLFRHQRTHTGEKPYVCRECGRGFSDKSGVCYHQRTHTGEKPYVCRECGRGFSVKSNLL-------------------------------------------------------------------------------------HQRTHTEEKLYVCREDEZ\\\""""";100way;0.467391304;8;yes;5;
Nomascus_leucogenys;Gibbon;Nomascus leucogenys;Oct/12;GGSC Nleu3.0;nomLeu3;Primate;Placental;RefSeq;KRAB-SSXRD-SET;1;0;NA;OK;" \MSPERSQEESPEEDTERTEQKPTVKDAFKDISIYFTKEEWAEMGDWEKTRYRNVKRNYNALITIGLRATRPAFMCHRRQAIKLQVDDTEDSDEEWTPRQQVKPPWMALRMEQRKHQK---------------------------------------------------------------------------------------------------AAHGPPTFIKDSTVGKGHPNRSALSLPPGLRIGPSGIPQAGLGVWNEASDLPLGLHFGPYEGRITEDEEAANNGYSWLITKGRNCYEYVDGKDKSWANWM------------------------------------------------------------------PKAEIHPCPSCCLAFSSQKFLSQHVARHHSSQNFPGPSARKFLQPENPCPGDQNQEQQYSDPRSCNDKTKGQEIKERSKLLNKRTWQREISRAFSSSPKVQMGSCRVGKRIIEEESRTGQKVNPGNTGQLFVGVGISRIAEVKYAECGQGFSDKSDVITHQRTDTGEKPYLCRECGRGFSVKSSLLSHQRTHTGEKPYVCRECGRGFSKKSNLLSHQRTHTGEKPYVCRECGRGFSDKSSLLRHQRTHTGEKPYVCRECGRGFSQKSSLLSHQRTHTGEKPYVCRECGRGFSQKSSLLSHQRTHTGEKPYVCRECGRGFSDKSSLLRHQRTHTGEKPYVCRECGRGFSQKSSLLSHQRTHTGEKPYVCRECGRGFSVKSNLLSHQRTHTGEKPYVCRECGRGFSDKSSLLRHQRTHTGEKP-----------------------------VCRECGRGFSDKSSLLRHQRTHTGEKPYVCRECGRGFSDKSSLLRHQRTHTGEKP-VCRKDEZ\\\""""";100way;0.373417722;12;yes;5;
Gorilla_gorilla_gorilla;Gorilla;Gorilla gorilla gorilla;May/11;gorGor3.1;gorGor3;Primate;Placental;RefSeq;KRAB-SSXRD-SET;2;1;NA;FIX;" \MSPERSQEESPEEDTERTERKPMVKDAFKDISIYFTKEEWAEMGDWEKTRYRNVKRNYNALITIGLRATRPAFMCHRRQAIKLQVDDTEDSDEEWTPRQQVKPPCMALRVEQRKHQKGMPKASFSNESSLKELSRTANLLNASGSEQAQKPVSPPGEASTSGQHSRLKLELRKKETEGKMYSLRERKGHAYKEVSEPQDDDYLYCEMCQNFFIDSCAAHGPPIFVKDSAVDKGHPNRSALSLPPGLRIGPSGIPQAGLGVWNEASDLPLGLHFGPYKGRITEDEEAANNGYSWLITKGRNCYEYVDGKDKSWANWMRYVNCARDDEEQNLVAFQYHRQIFYRTCRVIRPGCELLVWYGDEYGQELGIKWGSKWKKELMAGREPKPEIHPCPSCCLAFSSQKFLSQHVERNHSSQNFPGPSARTLLQPENPCPGDQNQEQQYPDPRSRNDKTKGQEIKERSKLLNKRTWQREISRAFSSPPKGQMGSCRVGKRIMEEESRTGQKVNPGNTGKLFVGVGISRIAKVKYGECGQGFSVKSDVITHQRTHTGEKPYVC-----------------------------------------------------------------------------------------------------------------------------------------------------------------------------------------------------------------------------------------------------------------------------------------------------------------------------------------------------\\\""""";100way;NA;0;yes;5;
Pan_troglodytes;Chimp;Pan troglodytes;Feb/11;CSAC 2.1.4;panTro4;Primate;Placental;RefSeq;KRAB-SSXRD-SET;1;0;NA;OK;" \MSPERSQEESPEEDTERTERKPMVKDAFKDISIYFTKEEWAEMGDWEKTRYRNVKRNYNALITIGLRATRPAFMCHRRQAIKLQVDDTEDSDEEWTPRQQVKPPLMALRVEQRKHQKGMPKASFSNESSLKELSRTANLLNASGSEQAQKPVSPPGEASTSGQHSRLKLELKKKETEGKMYSLRERKGHAYKEVSEPQDDDYLYCEMCQNFFIDSCAAHGPPTFVKDSAVDKGHPNRSALSLPPGLRIGPSGIPQAGLGVWNEASDLPLGLHFGPYKGRITEDEEAANNGYSWL-------------------NWMRYVNCARDDEEQNLVAFQYHRQIFYRTCRVIRPGCELLVWYGDEYGQELGIKWGSKWKKELMAGREPKPEIHPCPSCCLAFSSQKFLSQHVERNHSSQNFPGPSARKLLQPENPCPGDQNQEQQYPDPRSRNDKTKGQEIKERSKLLNKRTWQREISRAFSSPPKGQMGSCRVGKRIMEEESRTGQKVNPGNTAKLFVGVGISRIAKVKYGECGQGFSVKSDVITHQRTHTGEKPYVCRECGRGFSWKSHLLSHQRTHTGEKPYVCRECGRGFSVKSSLLSHRTTHTGEKPYVCRECGRGFSVKSSLLSHQRTHTGEKPYVCRECGRGFSQQSNLLSHQRTHTGEKPYVCRECGRGFSVKSSLLSHQRTHTGEKPYVCRECGRGFSEQSHLLSHQRTHTGEKPYVCRECGRGFSQQSHLLSHQRTHTGEKPYVCRECGRGFSQQSHLLRHQRTHTGEKPYVCRECGRGFSVKSSLLSHQRTHTGEKPYVCRECGRGFSVKSSLLSHQRTHTGEKPYVCRECERGFSQQSHLLRHQRTHTGEKPYVCRECGRGFSRQSALLIHQRTHTGEKPZVCREDEZ\\\""""";100way;0.643243243;12;yes;5;
Macaca_mulatta;Rhesus macaque;Macaca mulatta;Oct/10;BGI CR_1.0;rheMac3;Primate;Placental;RefSeq;KRAB-SSXRD-SET;1;0;0.645;OK;" \MSPERSQEESPEEDTERTERKPTVKDAFKDISIYFTKEEWAEMGDWEKTRYRNVKRNYNALITIGLRATRPAFMCHRRQAIKLQVDDTEDSDEEWTPRQQVKPPWMAFRVEQSKHQKGMPKASFNNESSLKEVSGMANLLNTSGSEQAQKPVSPPGEASTSGQHSRLKLELRRKETEGKMYSLRERKGHAYKEVSEPQDDDYLYCEMCQNFFIDSCAAHGPPTFIKDSAVEKGHPNCSALSLPPGLRIGPSCIPQAGLGVWNEASDLPLGLHFGPCEGRITQDEEAANNGYSWLITKGRNCYEYVDGKDKSWANWMRYVNCARDDEEQNLVAFQYHRQIFYRTCRVIRPGCELLVWYGDEYGQELGIKWGSKWKKELMAGREPKPEIHPCPSCCLAFSSQKFLSHHVERNHSTQNFRGPSARRLLQPENLCSGDQNQEQQYSDPRSCNDKTKGQEIKERSKLLNKRTWQKEISRAFSSPPKGQMGSSRVGERMMKEEYRTGQKVNPENTGKLFVGVGISRIAKVKYGECGQGFSDKSDVIIHQRTHTGEKPYLCRECGRGFSRKSNLLCHQRTHTGEKPYLCRECGRGFSNNSGLRYHQRTHTGEKPYLCRECGRGFSQKSDVLSHQRTHTGEKPYVCGECGRGFSDNSSLHRHQRTHTGEKPYLCRECGRGFSQKSDVLSHQRTHTGEKPYVCGECGRGFSNNSGLRHHQRTHTGEKPYLCRECGRGFSDNSGLRYHQRTHTGEKPYLCRECGRGFSQKANLLSHRRTHTGEKP-VCRKDEZV---KANLLRHQRTHTGEKPYLCRECGRGFSQKANLLSHRRTHTGEKPYVCGECGRGFSNNSGLRHHQRTHTGEKPYLCRECGRGFSDNSGLR------------VCRKDEZ\\\""""";100way;0.418699187;10;yes;5;
Macaca_fascicularis;Crab eating macaque;Macaca fascicularis;Jun/13;Macaca_fascicularis_5.0;macFas5;Primate;Placental;RefSeq;KRAB-SSXRD-SET;1;0;0.68;OK;" \MSPERSQEESPEEDTERTERKPTVKDAFKDISIYFTKEEWAEMGDWEKTRYRNVKRNYNALITIGLRATRPAFMCHRRQAIKLQVDDTEDSDEEWTPRQQVKPPWMAVRVEQSKHQKGMPKASFNNESSLKEVSGMANLLNTSGSEQAQKPVSPPGEARTSGQHSRLKLELRRKETEGKMYSLRERKGHAYKEVSEPQDDDYLYCEMCQNFFIDSCAAHGPPTFIKDSAVEKGHPNRSALSLPPGLRIGPSGIPQAGLGVWNEASDLPLGLHFGPYEGRITQDEEAANNGYSWLITKGRNCYEYVDGKDKSWANWMRYVNCARDDEEQNLVAFQYHRQIFYRTCRVIRPGCELLVWYGDEYGQELGIKWGSKWKKELMAGREPKPEIHPCPSCCLAFSSQKFLSHHVERNHSTQNFRGPSARRLLQPENLCSGDQNQEQQYSDPRSCNDKTKGQEIKERSKLLNKRTWQKEISRAFSSPPKGQMGSSRVGERMMKEEYRTGQKVNPENTGKLFVGVGISRIAKVKYGECGQGFSDKSDVIIHQRTHTGEKPYLCRECGRGFSRKSNLLCHQRTHTGEKPYLCRECGRGFSDNSGLRYHQRTHTGEKPYLCRECGRGFSNNSGLRYHQRTHTGEKPYLCRECGRGFSDNSSLHRHQRTHTGEKPYLCRECGRGFSNNSGLRYHQRTHTGEKPYLCRECGRGFSQKSDVLSHQRTHTGEKPYLCRECGRGFSDNSGLRYHQRTHTGEKPYLCRECGRGFSNNSGLRYHQRTHTGEKPYLCRECGRGFSDNSSLHRHQRTHTGEKPYLCRECGRGFSNNSGLRYHQRTHTGEKPYLCRECGRGFSQKSDVLSHQRTHTGEKPYLCRECGRGFSQKSDVLSHQRTHTGEKP-VCRKDEZ\\\""""";100way;0.579591837;12;yes;5;
Chlorocebus_sabaeus;Green monkey;Chlorocebus sabaeus;Jun/13;Chlorocebus_sabeus 1.0;chlSab1;Primate;Placental;RefSeq;KRAB-SSXRD-SET;1;0;0.5;OK;" \MSPERSQEESPEEDTERTERKPTVKDAFKDISIYFTKEEWAEMGDWEKTRYRNVKRNYNALITIGLRATRPTFMCHRRQAIKLQVDDTEDSDEEWTPRQQVKPPWMAVRVEQSKHQKGMPKASFNNESSLKEVSGTANLLNTSGSEQAQKPVSPPGEARTSGRHSRLKLELRKKETEGKMYSLRERKGHAYKEVSEPQDDDYLYCEMCQNFFIDSCAAHGPPTFVKDSAVDKGHPNRSALSLPPGLRIGPSGIPQAGLGVWNEASDLPLGLHFGPYEGRITEDEEAANNGYSWLITKGRNCYEYVDGKDKSWANWMRYVNCARDDEEQNLVAFQYHRQIFYRTCRVIRPGCELLVWYGDEYGQELGIKWGSKWKKELMAGREPKPEIHPCPSCCLAFSSQKFLSQHVERNHSTQNFPGPSARRLLQPENLCSGDQNQEQQYSDPRSCNDKTKGQEIKERSKLLNKRTWQKEISRAFSSPPKGQMGSSRVGERMMEEQSRTGQKVNPENTGKLFVGVGISRIAKVKYGECGQGFSDKSDVVIHQRTHTGEKPYLCRECGRGFSQKSSLSYHQRTHTGEKPYLCRECGRGFSWKSSLCYHQRTHTGEKPYLCRECGRGFSQKSTLCYHQRTHTGEKPYICRECGRGFSQKSTLCYHQRTHTGEKLYICRECGRGFSRKSSLCYHRRTHTGEKPYICRECGRGFSRKSSLCYHRRTHTGEKPYLCRECGRGFSQKSTLCZHQRTHTGEKPYLCRECGRGFSQKSSLSYHQRTHTGEKPYLCRECGRGFSWKSSLCYHQRTHTGEKPYLCRECGRGFSQKSTLCYHQRTHTGEKPYICRECGRGFSQKSTLCYHQRTHTGEKLYICRECGRGFSRKSSLCYHRRTHTGEKP-VCRKDEZ\\\""""";100way;0.457446809;12;yes;5;
Papio_hamadryas;Baboon;Papio hamadryas;Nov/08;Baylor Pham_1.0;papHam1;Primate;;;KRAB-SSXRD-SET;1;0;NA;OK;" \MSPERSQEESPEEDTERTEWKPMVKDAFKDISIYFTKEEWAEMGDWEKTRYRNVKRNYNALITIGLRATRPAFMCHRRQAIKLQVDDTEDSDEEWTPRQQVKPPWMAVRVEQSKHQK-------------------------------------------------------------------------------------------------------------------------------------------------------------------------------------------------------------------------------------------------------------------------PKPEIHPCPSCCLAFSSQKFLSQHVERNHSTQNFRGPSARRLLQPENLCSGDQNQEQQYSDPRSCNDKTKGQEIKERSKLLNKRTRQKEISRAFSSPPKGQMGSSRVGERMMEEESRTGQKVSPENIGKLFVGVGISRIAKVKYGECGQGFSDKSDVVIHQRTHTGEKPYLCRECGRGFRDNSSLRCHQRTHTGEKPYVCRECGRGFSQKSHLLSHQRTHTGEKPYLCRECGRGFRDNSSLRCHQRTHTGEKPYVCRECGRGFSQKSHLLSHQRTHTGEKPYVCRECGRGFRDNSSLCCHQRTHTGEKPYVCRECGRGFSDNSGLRCHQRTHTGEKPYVCRECGRGFSQKSHLLSHQRTHTGEKPYVCRECGRGFSDNSGLRCHQRTHTGEKPYVCRECGRGFSQKSHLLSHQRTHTG--------------------------------LCRECG---------------------------------------------------------\\\""""";100way;0.518518519;9;yes;5;
Callithrix_jacchus;Marmoset;Callithrix jacchus;Mar/09;WUGSC 3.2;calJac3;Primate;;;KRAB-SSXRD-SET;1;0;NA;OK;" \MSPERSQEESPEGDTGRTEQKPMVKDAFKDISMYFSKEEWAEMGDWEKTRYRNMKRNYNALITIGLRATRPAFMCHRRQAIKLQVDDTEDSDEEWTPRQQVKPPGMAFRVGQSKHQKGMPKASFGNESSLKKLSGTANVLNTSGPEQAQKPVSPPGEASTSGQHSRLKLELRRKDTEEKMYSLRERKGLAYKEVSEPQDDDYLYCEICQNFFIDSCAAHGPPTFVKDSAVDKGHPNHAALSLPPGLRIGPSGIPQAGLGVWNEASDLPLGLHFGPYEGRVTEDEEAASSGYSWLITKGRNCYEYVDGKDKSWANWMRYVNCARDDEEQNLVAFQYHRQIFYRTCRVIRPGCELLVWYGDEYGQELGIKWGSKWKKELMAGRESKPEIHPCPSCCLAFSSQKFLSHHVERNHSSQNFPGTSTRKLLQPENPCPGKQKEEQQYFDPCNSNDKTKGQETKERSKLLNIRTWQREMARAFSNPPKGQMGSSRVEERMMEEESRTGQKVNPVDTGKLFVGVGISRIAKAKYGECGQGFSDMSDV--HQRTHTGEKPYVCRECGRGFSW------HQRTHTGEKPYVCRECGRGFSQKSALLSHQRTHTGEKPYVCRECGRGFSQKSHLLSHQRTHTGEKPYVCTECGRGFSQKSVLLSHQRTHTGEKPYVCTECGRGFSRKSNLLSHQRTHTGEKPYVCRECGRGFSRKSALLSHQRTHTGEKPYVCRKCGRGFSQKSNLLSHQGTHTGEKPYVCTECGRGFSQKSHLLSHQRTHTGEKPYVCRKCGRGFSQKSNLLSHQRTHTGEKPYVCRECGRGFSFKSALLRHQRTHTGEKPYVCRECGRGFSRKSHLLSHQGTHIGEKPYVCRECGRGFSRKSNLLSHQRIHTGEKPYVRREDEZ\\\""""";100way;0.473029046;12;yes;5;
Otolemur_garnettii;Bushbaby;Otolemur garnettii;Mar/11;Broad;otoGar3;Primate;Placental;RefSeq;KRAB-SSXRD-SET;5;1;0.266;OK;" \MSPNRSQEESPEV-KGRRGZKSTVRGAFKDTYKYFSMEELAEMGDWEKIHHGNVERNYDVLIDRGLRAPQPAFMGHRRQAIKYQVDDTEDSDEEWTPRQQGKHSLMAFRMQPRKRQKGMPRAPLSHDSILQDLSGPANSLNISDSEQHQNCVSLPGEANASGQNSRRKSALRRKEIEARSYNLRERTDRSYEEVSEPQNDDYLYCEMCQDYFIDRCDVHGPPTFVKDIAVDKGHPNRAALTLPPGLSIRQSGIPQAGDGVWNEACELPLGLHFGPYEGQVLEDEEAARSGYAWKITKGRNCYEYVDGKDQSQGNWMRYVNCARDDEEQNLVAFQYHSQIFYRTCRVIRPGCELLVWYGTEYGKKLGIMWTSKRKKEL--GQDPKPENHPCPSCSLAFSSQKSLSQHVEGTHSSQIFPGTSVRKHCRPEHLYPGDQNQEQQLSDPHDQNDKTKGQEMNEISKTSQEKTQQSSISGISSHTPEGQMGNSRDSERMV-----PGQNMGPGETGKLCVKVEISRIVKVANGQCGQEFSQTSNL-THQRTHTGEKPYVCSQCGHGFRYKSNLLTHQRIHTGEKPYICTECGQQFRQTSNLLAHQRIHTGEKPYVCSDCGKGFSQKSNLRTHQKTHTGEKAYVCSECGKGFTRKENLLIHHRTHTGEKPYICSDCGKRFSQKSNFLTHQKTHTGEKACVCRECGKGFSRKATLLIHQR-HTREKPYVYRSCGQIFIHKSNLNRREKTHTGEKSAIL---------------------------------------------------------------------------------------------------------------------------------------------KGEE\\\""""";100way;0.261538462;6;yes;5;
Homo_sapiens;Human;Homo sapiens;Feb/09;GRCh37;hg19;Primate;Placental;RefSeq;KRAB-SSXRD-SET;2;1;0.687;OK;MSPEKSQEESPEEDTERTERKPMVKDAFKDISIYFTKEEWAEMGDWEKTRYRNVKRNYNALITIGLRATRPAFMCHRRQAIKLQVDDTEDSDEEWTPRQQVKPPWMALRVEQRKHQKGMPKASFSNESSLKELSRTANLLNASGSEQAQKPVSPSGEASTSGQHSRLKLELRKKETERKMYSLRERKGHAYKEVSEPQDDDYLYCEMCQNFFIDSCAAHGPPTFVKDSAVDKGHPNRSALSLPPGLRIGPSGIPQAGLGVWNEASDLPLGLHFGPYEGRITEDEEAANNGYSWLITKGRNCYEYVDGKDKSWANWMRYVNCARDDEEQNLVAFQYHRQIFYRTCRVIRPGCELLVWYGDEYGQELGIKWGSKWKKELMAGREPKPEIHPCPSCCLAFSSQKFLSQHVERNHSSQNFPGPSARKLLQPENPCPGDQNQEQQYPDPHSRNDKTKGQEIKERSKLLNKRTWQREISRAFSSPPKGQMGSCRVGKRIMEEESRTGQKVNPGNTGKLFVGVGISRIAKVKYGECGQGFSVKSDVITHQRTHTGEKLYVCRECGRGFSWKSHLLIHQRIHTGEKPYVCRECGRGFSWQSVLLTHQRTHTGEKPYVCRECGRGFSRQSVLLTHQRRHTGEKPYVCRECGRGFSRQSVLLTHQRRHTGEKPYVCRECGRGFSWQSVLLTHQRTHTGEKPYVCRECGRGFSWQSVLLTHQRTHTGEKPYVCRECGRGFSNKSHLLRHQRTHTGEKPYVCRECGRGFRDKSHLLRHQRTHTGEKPYVCRECGRGFRDKSNLLSHQRTHTGEKPYVCRECGRGFSNKSHLLRHQRTHTGEKPYVCRECGRGFRNKSHLLRHQRTHTGEKPYVCRECGRGFSDRSSLCYHQRTHTGEKPYVCREDE;baker;0.686746988;12;yes;5;
Saimiri_boliviensis;Squirrel monkey;Saimiri boliviensis;Oct/11;Broad;saiBol1;Primate;;;KRAB-SSXRD-SET;1;0;NA;OK;NA;baker;NA;0;no;5;
Chelonia_mydas;Green seaturtle;Chelonia mydas;Mar/13;CheMyd_1.0;cheMyd1;Sarcopterygii;Turtle;RefSeq;KRAB-SSXRD-SET;1;0;0.414;OK;" \-------------------------------------------------------------------------------------------------------------------------------------------------------------------------------------------------------------------------------------------------------------------------------------------------------------------------------------------------------------------------------------------------------------------------------------GH-------SWW----Z-----------------PWK--------------WG--------Q--SFLR-KE--AR------LP--QVR--PSEVAQ--RLLNA---ECRKEFGESSDLSSHQKSHMVEKPYQCSTCE------------------------VEDEFKELSIYFPKEQWAEMGDWEKTRYRNMKRNYEFMVEL----------------------------------------------------------------------------------------------------------PK-QSTQVNTYSLRKREKKVYVEISEPQDDDYLFCEDCLTFFIDECSVHGPPVFIRDPIVETGQERRAALTLPPGMRIGLSSIPQAGLGVWNEADTLPVGVHFGPYDGRITEEEEAAHNGYSWLITKGRNWYVYIDGKDEMNANWMRYVNCARDEEEQNLVAFQYRGKIYYRVCRAILPHCELLVWYGDEYGKELGIKWGTRWK-------------HP---C--AGFS-DYLRQ-L-RKH-AZI---RCSG--PZNQ-SFPG-----------------------Q----L-SKGT-----------TLARQ--R------------R---QQ--RDA----GAT------K-E-----Q------------------KWYSCGECG-NFHRPSHQVRHQQSHTGEKSYPC-ECGRRFSQSCSLTRHRRIHTGERPFQCLECGRRFSHSSNLTRHQRIHTGERPFQCLECGRRFSQSSSLTGHQRIHMGERPFQCLECGRRFSRSSNLTDHQRIHTGERPFQCLECGRRFSQSSNLAGHQRIHTGERPFQCLECGRRFSQSSSLTRHQRIHM-ERPFQCLECGRRFRQPSNLTCHQQTHAGEIPYECSECGKRFTNRSTHLNHQRIHTGEKPYECRDCGKKFTHRSGLFHHQRIHTGERPYECSECGKTFNHSSHLITHQRIHTGERPCECSECGKTFNCSSRLITHQRIHTGERPYECSVCGK\\\""""";100way;0.313364055;12;no;5;
Latimeria_chalumnae;Coelacanth;Latimeria chalumnae;Aug/11;Broad;latCha1;Sarcopterygii;Coelacanth;RefSeq+WGS;KRAB-SSXRD-SET;1;0;0.545;OK;" \--------------------------------------------------------------------------------------------------------------------------------------------------------------------------LRRKQDQGKRQ--IKKGSKSZKED----------CEECQTFFVEECPVHGPPVFVNDTVVAWGQEGRAQLTLPEGMSISPSQIPKAGLGVWNEAKAILKGVHFGPYEGEITEEEEAAHSGYSWVITKGKNYYEYIDAKDK---NWMRYVNCAREEEEQNLVAFQHHGKIFYRSCRQILPGRELLVWYGDDYGKELGIKWNSMWK----TGR------FPWPSG-VAFISKKRLNKHVG-SFDSQT------------------------------------------------------------CLTSPRRE--------RMLERKLD-CQTVKTEV--NMTVLKETPR-ANHKC-QCGKSFRSSSN--NHQRTHTGEKPYKCTECG-SF---SKLKKHQQSHTGEKKNKCTECGKTFRDSSYLNAHQRIHTGEKPYKCKECGKSFTQVSNLYTHQRVHTGEKPYKCTECGKSFSELSHLYTHQRIHTGEKPYECTECGKSFRDSSSLNTHQRIHTGEKPYKCTECGKSFTQVSNLYTHQQIHGGDKPYKCTECGKSFTELSHLNNHQRVHTGEKPYKCTVCGTSFRQ-SNL-RHNQIHTGKK-YKCTECGKGFRDSSTLNAHQRVHTGEKPYKCSECGKSFNQVSNLYTHQRTHAGEKPYKC-ECGKSFTELSH-I-HQRIHTGEKPYKCTECGKSFTHLSNL-NHQRIHTGEKPYMZ-DCGI\\\""""";100way;0.350746269;13;no;5;
Chrysemys_picta_bellii;Painted turtle;Chrysemys picta bellii;Dec/11;v3.0.1;chrPic1;Sarcopterygii;Turtle;RefSeq;KRAB-SSXRD-SET;1;0;0.478;OK;" \-----------------------VEDEFKELSIYFPKEQWAEMGAWEKTRYRNMKRNYEFMVELGLPTPKPAFMCRGRRPQNPIIYDSE-SDEDWTPKPL----------------------------------------------------------------------PR-QSTQVNTYSLRKREKKVYVEINEPQDDDYLFCEICLTFFIDECSVHGPPVFIKDPIVETGQERRAALTLPPGMRIGLSSIPQAGLGVWNEADTLPIGVHFGPYDGRITEDEEAAHNGYSWLITKGRNWYVYIDGKDETNANWMRYVNCARDEEEQNLVAFQYHGKIYYRVCRPILPHSELLVWYGDEYGKELGIKWGTRWK-------------YP---C--AGFS-DYLRQ-L-YKH-AZI---RCSG--PZNQ-SFPG-----------------------Q----L-HKDT-------------ARQ--RCGG-E-------K---QQ--RDT----GAT------E-E--ECGQNFHRPSHLVRHQQSHTGEKSYPCGECG-RFSQSSDLTRHQRTHTGERPFQCLECGRRFSQSSSLATHQRTHTGERPFQCLECGRRFRQSSNLATHQRTHTGERPFQCLECGRRFSQSASLATHQRTHTGERPFQCLECGRRFSQSSDLTTHQRTHTGERPFQCLECGRRFSRSSSLATHQRTHTGE-----LECGRRFSRSSSLATHQRTHTGERPFQCLECGRRFSRSSSLATHQRTHTGERPFQCLECGRRFRQPSNLTCHQRTHAEGKPYECLECGKSFRENSQFLSHQRIHTGERPYICPDCGKSFRQNSHLLLHQRIHPGEKPYNSSDCGKSFGQRSPVFEHQGLYMGEKPYKCSECGK\\\""""";100way;0.300561798;10;no;5;
Apalone_spinifera;Spiny softshell turtle;Apalone spinifera;May/13;ASM38561v1;apaSpi1;Sarcopterygii;Turtle;WGS;KRAB-SSXRD-SET;1;0;NA;OK;" \-----------------------VKDEFQELSIYFPKDQWAEMGDWEKTRYRNMKQNYEFMVALGLPTPKPAFMCRGRWPRNPIIYDSE-SDEDWTPKPL----------------------------------------------------------------------PK-QNTQVNTYSLRKRERKVYAEINEPQDDDYLFCEACLTFFIDECSVHGPPVFIKDPVVETGQERRAALTLPPGMRIGLSSIPQAGLGVWNEADTLPVGVHFGPYDGRITEEEEAAHNGYSWLITRGRNWYVYIDGKDEANANWMRYVNCARDEEEQNLVAFQYHGEIYYRVCRAIPPHCELLVWYGDEYGKELGIKWGTRWK---------KPHCHP---C--AGVS-DYLSQ-V-HKH-ARI---------SZNW-AFPW-----------------------Q----L-SKSA-----------TVTRQ--RCR----------R---QQ--GSG----ELTR-----R-K--DCGKTFKHNSVFLIHQRTHTGEKPYTCPECG-GFSRSSNLIIHHRIHTGERPYVCPECGKSFSRSSELIIHRRMHTGERPYICRECGKSFTRSSELNKHQRIHTGERPYICPECGKSFSRSSNLITHHRTHTGERPYACLECGKSFSRSSELIRHHRIHTGERPYICLECGKAFALLSN---HHRTDT-EG-HMHQVCRG-------RG---RLQTEM--YSCSKCGQNFHRPSHLVKHQRSHMGEKSY---QCGKRFSRSSHLATHRRTHTGERPYTCPECGKSFSRSSNLATHHRIHTGEMPYACPECGKSFSRSSELIIHRRTHTGERPYVCCECGKRFIRSSELVIHQRIHTGERPYRCAECRK\\\""""";100way;0.253787879;9;no;5;
Pelodiscus_sinensis;Chinese softshell turtle;Pelodiscus sinensis;Oct/11;PelSin_1.0;pelSin1;Sarcopterygii;Turtle;RefSeq;KRAB-SSXRD-SET;1;0;0.692;OK;" \-----------------------VKDEFQEVSIYFPKDQWAEMGDWEKTRYRNMKQNYEFMVALGLPTPKPAFMCRGRWPRNPIIYDSE-SDEDWTPKPL----------------------------------------------------------------------PR-QNTQVNTYSLRKRERKVYAEINEPQDDDYLFCEACLTFFTDECSVHGPPVFIKDPVVETGQERRAALTLPPGMRIGLSSIPQAGLGVWNEADTLPVGVHFGPYDGRITEEEEAAHNGYSWLITRGRNWYMYIDGKDEANANWMRYVNCARDEEEQNLVAFQYHGKIYYRVCRAIPPHCELLVWYGDEYGKELGIKWGTRWK----------PHCHP---C--AGFS-DYLSQ-L-HKH--------------------------------------------TR----N--RIT-----------PVCRQ--SLGN-D------------------------------------ECGKGFSRSSNLIIHHRIHTGERPYTCPECG-SFSRTSELIIHRRMHTGERPYICSECGKSFTRSSELNKHQRIHTGERPFQCHECGKDFTYSSQLVTHRRIHTGERPYPCPECGKGFSRSSNLIIHHRIHTGERPYTCPECGKSFSRTSELIIHRRMHTGERPYICSECGKSFTRSSELNKHQRTHTGERSYSCPVCGKSFSHSSQLATHQRTHTGERPYICPECGKSFSRSSNLITHHRTHTGERPYACLECGKSFSRSSELIRHHRIHTGERPYICLECGKGFTRSSDLSKHQRIHTGERPYRCPECGKGFRYSSHLVSHRRIHTGERPYSCPVCGKGFSDSSQMITHQRSHTGETPYMCPECGK\\\""""";100way;0.324675325;12;no;5;
Alligator_mississippiensis;American alligator;Alligator mississippiensis;Aug/12;allMis0.2;allMis1;Sarcopterygii;;;NO;0;NA;0;OK;NA;NA;NA;0;no;1;
Anolis_carolinensis;Lizard;Anolis carolinensis;May/10;Broad AnoCar2.0;anoCar2;Sarcopterygii;;;NO;0;NA;0;OK;NA;NA;NA;0;no;1;
Xenopus_tropicalis;X. tropicalis;Xenopus tropicalis;Sep/12;JGI 7.0;xenTro7;Sarcopterygii;;;NO;0;NA;0;OK;NA;NA;NA;0;no;1;